player,player_id,TEAM,OFFENSIVE ARCHETYPE,MINUTES,POSITION,AGE,TIER,LEBRON,O-LEBRON,D-LEBRON,WINS ADDED,BOXLEBRON,BOXOLEBRON,BOXDLEBRON,LA-RAPM,LA-O-RAPM,LA-D-RAPM
Nikola Jokic,jokicni01,DEN,Post Scorer,"2,476",C,27,,7.8,5.68,2.12,15.5,6.53,5.11,1.42,3.74,2.35,1.39
Giannis Antetokounmpo,antetgi01,MIL,Roll + Cut Big,"2,204",PF,27,,6.54,4.37,2.17,12.3,6.58,4.97,1.61,2.3,0.94,1.36
Joel Embiid,embiijo01,PHI,Post Scorer,"2,297",C,28,,6.39,4.29,2.09,12.7,5.63,4.36,1.27,1.03,0.43,0.6
Rudy Gobert,goberru01,UTA,Roll + Cut Big,"2,120",C,29,,5.32,1.57,3.75,10.4,5.04,1.72,3.32,0.92,0.85,0.07
Jayson Tatum,tatumja01,BOS,Shot Creator,"2,731",SF,24,,5.11,3.85,1.26,13,3.97,3.22,0.75,1.7,1.19,0.51
Stephen Curry,curryst01,GSW,Primary Ball Handler,"2,211",PG,34,,4.4,4,0.4,9.6,3.85,3.66,0.19,2.21,1.65,0.56
Al Horford,horfoal01,BOS,Stretch Big,"2,005",C,35,,4.12,0.57,3.55,8.4,3.05,0.59,2.46,0.77,-0.16,0.93
Kevin Durant,duranke01,BRK,Shot Creator,"2,047",PF,33,,3.95,3.52,0.43,8.3,2.85,3.15,-0.3,1.9,1.61,0.29
Kristaps Porzingis,porzikr01,DAL/WAS,Versatile Big,"1,481",PF,26,,3.91,2.09,1.82,6,3.75,2.54,1.21,0.91,0.06,0.85
Chris Paul,paulch01,PHO,Primary Ball Handler,"2,139",PG,36,,3.83,2.75,1.08,8.5,4.13,2.51,1.62,0.51,0.15,0.36
Ja Morant,moranja01,MEM,Slasher,"1,889",PG,22,,3.45,3.93,-0.48,7.1,2.34,3.11,-0.77,0.67,0.7,-0.03
Jimmy Butler,butleji01,MIA,Slasher,"1,931",SF,32,,3.4,3.1,0.3,7.2,3.92,2.98,0.94,1.49,1.13,0.35
Hassan Whiteside,whiteha01,UTA,Roll + Cut Big,"1,162",C,32,,3.39,0.94,2.45,4.3,2.6,0.13,2.47,0.99,1.28,-0.29
LeBron James,jamesle01,LAL,Stretch Big,"2,084",SF,37,,3.37,3.07,0.3,7.7,3.05,3.39,-0.34,0.19,0.73,-0.53
Dejounte Murray,murrade01,SAS,Slasher,"2,366",PG,25,,3.35,2.77,0.58,8.8,3.09,2.36,0.73,0.34,0.82,-0.49
Jrue Holiday,holidjr01,MIL,Shot Creator,"2,208",PG,31,,3.32,2.3,1.03,8.1,2,1.83,0.17,2.75,1.57,1.18
Myles Turner,turnemy01,IND,Stretch Big,"1,235",C,26,,3.27,0.01,3.26,4.5,1.94,-0.28,2.23,2.34,0.56,1.78
James Harden,hardeja01,BRK/PHI,Shot Creator,"2,420",PG-SG,32,,3.13,3.44,-0.31,8.6,3.13,3.06,0.07,0.3,1.53,-1.23
Jaren Jackson Jr.,jacksja02,MEM,Stretch Big,"2,126",PF,22,,3.1,0.45,2.65,7.5,2.44,0.31,2.13,2.6,0.58,2.02
Luka Doncic,doncilu01,DAL,Shot Creator,"2,301",PG,23,,3,3.48,-0.48,8,4.68,4.24,0.44,-0.25,0.89,-1.15
Trae Young,youngtr01,ATL,Shot Creator,"2,652",PG,23,,2.93,5.15,-2.21,9.1,3.05,4.99,-1.94,-0.18,1.28,-1.45
Clint Capela,capelca01,ATL,Roll + Cut Big,"2,042",C,27,,2.89,0.79,2.1,7,2.53,0.77,1.76,0.85,1.14,-0.29
Jakob Poeltl,poeltja01,SAS,Roll + Cut Big,"1,970",C,26,,2.87,1.46,1.41,6.7,0.99,-0.02,1.01,2.12,2.05,0.06
Karl-Anthony Towns,townska01,MIN,Stretch Big,"2,476",C,26,,2.84,3.03,-0.2,8.4,2.73,2.46,0.26,-0.24,1.14,-1.37
Jose Alvarado,alvarjo01,NOP,Secondary Ball Handler,834,PG,23,,2.75,1.39,1.36,2.8,0.89,0.2,0.69,0.86,0.53,0.33
Jarrett Allen,allenja01,CLE,Roll + Cut Big,"1,810",C,23,,2.73,0.54,2.19,6,2.19,0.6,1.59,1.52,0.57,0.95
Devin Booker,bookede01,PHO,Shot Creator,"2,345",SG,25,,2.7,3.24,-0.54,7.7,2.69,2.75,-0.05,1.33,0.54,0.79
Bam Adebayo,adebaba01,MIA,Post Scorer,"1,825",C,24,,2.68,0.56,2.13,6,2.97,1.01,1.96,0.51,-0.36,0.88
Mike Conley,conlemi01,UTA,Primary Ball Handler,"2,058",PG,34,,2.6,1.63,0.97,6.6,2.69,2.39,0.3,0.25,0.26,0.01
Anthony Davis,davisan02,LAL,Post Scorer,"1,404",C,29,,2.6,0.71,1.89,4.5,2.72,1.46,1.26,0.28,0.09,0.19
Shai Gilgeous-Alexander,gilgesh01,OKC,Shot Creator,"1,942",PG,23,,2.5,2.54,-0.04,6.1,0.76,1.02,-0.26,2.28,1.62,0.66
Darius Garland,garlada01,CLE,Primary Ball Handler,"2,430",PG,22,,2.47,2.17,0.29,7.6,1.31,1.81,-0.49,1.07,0.61,0.46
Domantas Sabonis,sabondo01,IND/SAC,Post Scorer,"2,136",C-PF,25,,2.45,1.17,1.29,6.7,1.51,1.49,0.02,0.89,0.4,0.49
Paul George,georgpa01,LAC,Shot Creator,"1,077",SF,31,,2.26,0.74,1.52,3.2,1.88,1.52,0.36,0.13,-1.03,1.16
Pascal Siakam,siakapa01,TOR,Shot Creator,"2,578",PF,28,,2.26,1.68,0.59,7.8,1.57,1.06,0.51,0.63,0.72,-0.09
Isaiah Hartenstein,harteis01,LAC,Roll + Cut Big,"1,216",C,23,,2.19,0.46,1.74,3.6,1.42,-0.2,1.62,2.04,0.66,1.39
Fred VanVleet,vanvlfr01,TOR,Primary Ball Handler,"2,462",PG,28,,2.16,1.38,0.78,7.3,1.93,1.72,0.21,1.22,0.59,0.63
Malcolm Brogdon,brogdma01,IND,Primary Ball Handler,"1,206",PG,29,,2.15,2.55,-0.4,3.5,1.04,1.92,-0.89,2,1.59,0.41
Kyrie Irving,irvinky01,BRK,Shot Creator,"1,091",PG,30,,2.14,2.73,-0.6,3.2,1.66,2.47,-0.81,0,0,0
Damian Lillard,lillada01,POR,Shot Creator,"1,056",PG,31,,2.13,3.29,-1.17,3.1,0.74,2.59,-1.84,3.18,2.01,1.16
Marcus Smart,smartma01,BOS,Primary Ball Handler,"2,296",PG,28,,2.04,0.91,1.12,6.6,1.78,0.48,1.3,2.67,2.08,0.59
Robert Williams,williro04,BOS,Roll + Cut Big,"1,804",C,24,,2.04,-0.21,2.25,5.2,3.06,0.18,2.88,-1.82,-1.09,-0.73
Draymond Green,greendr01,GSW,Roll + Cut Big,"1,329",PF,32,,2.01,-1.45,3.47,3.8,1.99,-0.89,2.88,0.87,-0.07,0.94
Andre Drummond,drumman01,PHI/BRK,Roll + Cut Big,"1,437",C,28,,1.99,0.07,1.92,4.1,1.74,-0.24,1.98,-0.09,0.42,-0.51
Wendell Carter Jr.,cartewe01,ORL,Stretch Big,"1,852",C,22,,1.98,-0.03,2.01,5.2,0.41,-0.41,0.81,-0.61,-1.13,0.52
Jonas Valanciunas,valanjo01,NOP,Post Scorer,"2,240",C,29,,1.96,0.55,1.41,6.3,1.34,0.61,0.73,-0.45,-1.4,0.94
Otto Porter Jr.,porteot01,GSW,Stretch Big,"1,401",PF,28,,1.93,0.08,1.85,3.9,1.4,0.09,1.31,1.57,0.36,1.21
Steven Adams,adamsst01,MEM,Roll + Cut Big,"1,999",C,28,,1.92,0.76,1.16,5.6,1.21,0.12,1.09,2.04,0.77,1.27
Gary Payton II,paytoga02,GSW,Stretch Big,"1,242",PG,29,,1.91,0.15,1.76,3.5,1.14,-0.37,1.51,2.44,1.41,1.04
Donovan Mitchell,mitchdo01,UTA,Primary Ball Handler,"2,266",SG,25,,1.9,3.45,-1.55,6.3,3.23,3.99,-0.76,1.82,1.73,0.09
Herbert Jones,joneshe01,NOP,Athletic Finisher,"2,335",PF,23,,1.89,-0.32,2.21,6.5,-0.49,-1.69,1.2,2.72,1.3,1.43
Terry Rozier,roziete01,CHO,Primary Ball Handler,"2,458",SG,28,,1.82,1.96,-0.14,6.7,1.11,2.02,-0.91,0.27,0.15,0.12
Desmond Bane,banede01,MEM,Movement Shooter,"2,266",SF,23,,1.82,1.48,0.34,6.2,1.58,1.37,0.21,0.98,-0.12,1.1
Brandon Clarke,clarkbr01,MEM,Roll + Cut Big,"1,246",PF,25,,1.77,1.07,0.7,3.4,1.14,0.59,0.55,0.63,0.98,-0.36
Kyle Lowry,lowryky01,MIA,Primary Ball Handler,"2,133",PG,36,,1.76,0.44,1.32,5.7,1.87,0.97,0.9,0.73,0.14,0.59
Patrick Beverley,beverpa01,MIN,Primary Ball Handler,"1,476",PG,33,,1.74,1.01,0.73,3.9,1.66,0.59,1.08,0.82,1.58,-0.76
Lauri Markkanen,markkla01,CLE,Stretch Big,"1,878",PF,24,,1.73,1.28,0.45,5,0.89,0.3,0.58,1.39,2,-0.61
Miles Bridges,bridgmi02,CHO,Stationary Shooter,"2,837",PF,24,,1.72,1.96,-0.24,7.5,1.05,1.3,-0.26,0.76,1.81,-1.05
Immanuel Quickley,quickim01,NYK,Primary Ball Handler,"1,802",PG,22,,1.68,1.97,-0.29,4.7,0.06,0.74,-0.68,0.65,0.71,-0.06
Jaylen Brown,brownja02,BOS,Stationary Shooter,"2,220",SF,25,,1.63,1.32,0.31,5.8,2.19,1.98,0.21,-0.19,-0.86,0.67
Chris Boucher,bouchch01,TOR,Stretch Big,"1,690",PF,29,,1.62,0.98,0.64,4.4,0.68,0,0.68,-0.18,0.05,-0.23
Jusuf Nurkic,nurkiju01,POR,Post Scorer,"1,579",C,27,,1.6,-0.18,1.77,4.1,0.19,-0.21,0.4,1.3,0.94,0.36
Khris Middleton,middlkh01,MIL,Shot Creator,"2,141",SF,30,,1.58,1.35,0.24,5.5,1.78,1.82,-0.03,1.74,0.7,1.04
DeMarcus Cousins,couside01,MIL/DEN,Stretch Big,717,C,31,,1.54,1.22,0.32,1.8,1.14,0.58,0.56,1.04,0.8,0.24
Gary Trent Jr.,trentga02,TOR,Secondary Ball Handler,"2,448",SG,23,,1.47,1.34,0.12,6.1,0.51,0.45,0.06,1.13,1.27,-0.13
Mike Muscala,muscami01,OKC,Stretch Big,592,C,30,,1.44,0.57,0.87,1.5,1.25,0.53,0.73,0.35,0.05,0.29
Daniel Gafford,gaffoda01,WAS,Roll + Cut Big,"1,444",C,23,,1.44,0.07,1.38,3.6,0.96,-0.31,1.27,0.75,0.27,0.47
Evan Mobley,mobleev01,CLE,Roll + Cut Big,"2,331",PF,20,,1.44,-0.95,2.4,5.8,1.11,-0.76,1.87,1.39,-0.91,2.3
JaVale McGee,mcgeeja01,PHO,Roll + Cut Big,"1,172",C,34,,1.43,-0.2,1.64,2.9,0.92,-0.45,1.38,1.39,0.24,1.15
Jae Crowder,crowdja01,PHO,Stationary Shooter,"1,886",PF,31,,1.43,-0.4,1.83,4.7,1.44,-0.51,1.95,1.91,1.28,0.63
Bogdan Bogdanovic,bogdabo01,ATL,Secondary Ball Handler,"1,848",SG,29,,1.39,1.99,-0.6,4.5,0.49,1.27,-0.78,1.37,1.84,-0.47
Jordan Poole,poolejo01,GSW,Primary Ball Handler,"2,283",SG,22,,1.36,1.51,-0.15,5.5,1.15,1.39,-0.24,1.35,-0.34,1.69
Nikola Vucevic,vucevni01,CHI,Versatile Big,"2,418",C,31,,1.33,-0.33,1.67,5.8,1.65,0.76,0.89,0.59,-0.81,1.4
Montrezl Harrell,harremo01,WAS/CHO,Post Scorer,"1,640",C,28,,1.33,1.55,-0.22,4,0.65,1.07,-0.42,0.06,0.4,-0.34
LaMelo Ball,ballla01,CHO,Primary Ball Handler,"2,422",PG,20,,1.33,1.72,-0.4,5.8,1.75,2.19,-0.44,-0.72,-0.1,-0.62
Mikal Bridges,bridgmi01,PHO,Stationary Shooter,"2,854",SF,25,,1.32,0.48,0.84,6.9,1.19,0.06,1.13,1.52,0.79,0.73
Kevin Love,loveke01,CLE,Versatile Big,"1,665",PF,33,,1.27,1.28,-0.01,3.9,1.89,1.97,-0.08,-0.57,-0.23,-0.34
Mitchell Robinson,robinmi01,NYK,Roll + Cut Big,"1,848",C,24,,1.27,-0.34,1.62,4.4,1.3,-0.78,2.08,-0.03,0.77,-0.8
Obi Toppin,toppiob01,NYK,Stretch Big,"1,230",PF,24,,1.24,0.95,0.29,2.9,0.1,0.26,-0.16,0.91,0.67,0.23
Kevon Looney,looneke01,GSW,Roll + Cut Big,"1,732",C,26,,1.2,-0.43,1.63,4,1.5,-0.59,2.09,0.01,0.42,-0.42
Andre Iguodala,iguodan01,GSW,Athletic Finisher,603,SF,38,,1.19,-0.44,1.63,1.4,0.84,-0.38,1.23,1.64,0.08,1.56
Terence Davis,daviste02,SAC,Movement Shooter,536,SG,24,,1.18,0.93,0.24,1.2,0.02,0.26,-0.23,1.76,0.91,0.85
Onyeka Okongwu,okongon01,ATL,Roll + Cut Big,992,C,21,,1.15,0.16,0.99,2.3,0.58,-0.7,1.28,0,0,0
Bradley Beal,bealbr01,WAS,Slasher,"1,439",SG,28,,1.14,0.97,0.17,3.3,0.08,1.2,-1.12,0.26,0.52,-0.26
John Collins,collijo01,ATL,Versatile Big,"1,663",PF,24,,1.14,-0.04,1.18,3.8,1.49,0.82,0.66,0.78,0.81,-0.03
Klay Thompson,thompkl01,GSW,Off Screen Shooter,941,SG,32,,1.09,1.71,-0.62,2.1,1.2,2.16,-0.96,0,0,0
Bobby Portis,portibo01,MIL,Stretch Big,"2,028",C,27,,1.09,0.12,0.97,4.6,1.25,0.7,0.55,-0.43,-0.96,0.53
Brandon Ingram,ingrabr01,NOP,Shot Creator,"1,869",SF,24,,1.09,1.31,-0.22,4.2,0.93,1.4,-0.47,-1.32,-0.5,-0.82
Jalen Brunson,brunsja01,DAL,Slasher,"2,524",PG,25,,1.08,1.59,-0.51,5.7,0.66,0.83,-0.17,1.67,2.07,-0.41
Deandre Ayton,aytonde01,PHO,Post Scorer,"1,713",C,23,,1.07,0.41,0.66,3.8,1.53,0.45,1.08,0.14,0.39,-0.25
DeMar DeRozan,derozde01,CHI,Shot Creator,"2,743",PF,32,,1.06,2.54,-1.48,6.1,1.27,2.34,-1.07,1.03,0.1,0.93
Jordan Clarkson,clarkjo01,UTA,Secondary Ball Handler,"2,141",SG,29,,1.05,1.95,-0.9,4.8,0.45,1.78,-1.33,2.69,2.15,0.54
Lonzo Ball,balllo01,CHI,Stationary Shooter,"1,212",PG,24,,1.03,-1.08,2.11,2.7,1.09,0.22,0.87,0.24,-0.99,1.23
Anthony Edwards,edwaran01,MIN,Shot Creator,"2,466",SG,20,,0.97,1.25,-0.27,5.4,1.1,1.52,-0.41,0.78,1.14,-0.36
Paul Reed,reedpa01,PHI,Roll + Cut Big,302,C,22,,0.93,-0.07,1,0.6,0.44,-0.64,1.08,0.33,0.81,-0.48
De'Anthony Melton,meltode01,MEM,Movement Shooter,"1,657",SG,23,,0.91,0.04,0.87,3.5,0.8,0.24,0.56,0.96,0.53,0.43
Derrick White,whitede01,SAS/BOS,Secondary Ball Handler,"2,199",SG,27,,0.89,0.28,0.61,4.7,0.49,0.47,0.02,-1.05,-1.11,0.06
Isaiah Jackson,jacksis01,IND,Roll + Cut Big,541,PF,20,,0.89,-0.64,1.53,1.1,0.92,-0.79,1.71,-0.46,-0.02,-0.44
Omer Yurtseven,yurtsom01,MIA,Roll + Cut Big,706,C,23,,0.87,-0.4,1.27,1.5,0.61,-0.53,1.14,-0.47,-0.47,0.01
Justise Winslow,winslju01,LAC/POR,Stretch Big,775,SF,26,,0.85,-0.08,0.93,1.6,-0.06,-0.89,0.83,-0.22,0.01,-0.22
Robert Covington,covinro01,POR/LAC,Stationary Shooter,"1,939",PF-SF,31,,0.84,-1.85,2.69,4.1,-0.46,-1.85,1.4,1.34,0.32,1.02
Tyrese Haliburton,halibty01,SAC/IND,Stationary Shooter,"2,694",SG-PG,22,,0.81,1.28,-0.47,5.6,1.09,1.13,-0.04,0.28,0.71,-0.43
Aaron Gordon,gordoaa01,DEN,Stretch Big,"2,376",PF,26,,0.8,1.46,-0.66,4.9,0.26,0.41,-0.15,0.23,1.59,-1.36
Alex Caruso,carusal01,CHI,Stationary Shooter,"1,147",SG,28,,0.8,-0.64,1.43,2.4,-0.11,-0.82,0.71,3.01,1.47,1.54
John Konchar,konchjo01,MEM,Athletic Finisher,"1,292",SG,26,,0.76,0.14,0.63,2.6,-0.49,-1.12,0.64,1.83,1.34,0.48
Tobias Harris,harrito02,PHI,Shot Creator,"2,543",PF,29,,0.74,0.95,-0.21,5.2,0.3,0.25,0.05,0.25,0.34,-0.08
Bismack Biyombo,biyombi01,PHO,Roll + Cut Big,506,C,29,,0.73,-0.57,1.3,1,-0.35,-1.06,0.71,0,0,0
Usman Garuba,garubus01,HOU,Stretch Big,240,PF,20,,0.71,-0.41,1.12,0.5,0.01,-1.25,1.26,0.65,0.5,0.15
Zach LaVine,lavinza01,CHI,Shot Creator,"2,328",SF,27,,0.68,1.85,-1.16,4.6,1.06,2.33,-1.27,-0.77,-0.53,-0.23
Willy Hernangomez,hernawi01,NOP,Post Scorer,839,C,27,,0.65,1.53,-0.88,1.7,0.34,0.66,-0.33,-0.24,0.87,-1.12
Ricky Rubio,rubiori01,CLE,Primary Ball Handler,970,PG,31,,0.58,-0.03,0.61,1.9,0.39,0.41,-0.02,0.22,0.17,0.05
Devonte' Graham,grahade01,NOP,Primary Ball Handler,"2,162",PG,27,,0.57,1.37,-0.79,4.1,-0.15,0.67,-0.82,0.77,1.3,-0.53
Tyus Jones,jonesty01,MEM,Primary Ball Handler,"1,549",PG,25,,0.56,0.72,-0.16,3,0.69,1.01,-0.32,-0.4,-0.69,0.29
Cameron Johnson,johnsca02,PHO,Stationary Shooter,"1,730",PF,26,,0.52,0.08,0.44,3.3,0.41,0.48,-0.07,1.82,0.13,1.69
Ivica Zubac,zubaciv01,LAC,Post Scorer,"1,852",C,25,,0.51,-1.05,1.56,3.5,0.81,-0.58,1.39,0.1,-0.26,0.35
Brook Lopez,lopezbr01,MIL,Stretch Big,298,C,34,,0.47,-0.26,0.72,0.6,0.06,-0.19,0.25,0.53,0.3,0.24
Markelle Fultz,fultzma01,ORL,Shot Creator,360,PG,23,,0.47,0.31,0.16,0.7,0.39,0.38,0.01,0,0,0
Royce O'Neale,onealro01,UTA,Stationary Shooter,"2,406",SF,28,,0.46,-0.65,1.11,4.4,0.79,-0.51,1.3,2.02,1.88,0.14
Spencer Dinwiddie,dinwisp01,WAS/DAL,Shot Creator,"1,980",PG,29,,0.44,0.65,-0.21,3.6,0.58,1.11,-0.53,0.23,-0.94,1.17
D'Angelo Russell,russeda01,MIN,Primary Ball Handler,"2,077",PG,26,,0.44,2.08,-1.64,3.8,1.34,2.17,-0.83,1.24,0.94,0.3
Monte Morris,morrimo01,DEN,Primary Ball Handler,"2,239",PG,26,,0.44,1.07,-0.63,4.1,0.57,0.86,-0.29,1.4,1.33,0.07
Deni Avdija,avdijde01,WAS,Stationary Shooter,"1,984",SF,21,,0.44,-0.74,1.18,3.6,-0.93,-1.34,0.4,2.92,1.09,1.83
Maxi Kleber,klebima01,DAL,Stretch Big,"1,450",PF,30,,0.42,-1.21,1.64,2.6,0.08,-1.27,1.35,0.22,0.47,-0.25
Nathan Knight,knighna01,MIN,Roll + Cut Big,267,PF,24,,0.42,0.23,0.19,0.5,-0.08,0.05,-0.13,0.58,0.21,0.37
Michael Porter Jr.,portemi01,DEN,Movement Shooter,265,SF,23,,0.41,-0.64,1.05,0.5,-0.25,-0.4,0.15,1.67,0.16,1.5
Andrew Wiggins,wiggian01,GSW,Shot Creator,"2,330",SF,27,,0.4,-0.53,0.93,4.2,1.32,0.57,0.74,1.62,0.65,0.98
Bruce Brown,brownbr01,BRK,Roll + Cut Big,"1,774",SF,25,,0.4,0.04,0.36,3.2,0.02,-0.71,0.72,0.93,-0.05,0.98
Dillon Brooks,brookdi01,MEM,Slasher,885,SF,26,,0.35,0.68,-0.32,1.6,-0.53,0.44,-0.97,0.86,0.71,0.15
Nemanja Bjelica,bjeline01,GSW,Stretch Big,"1,143",C,33,,0.34,-0.56,0.9,2,0.56,-0.46,1.02,0.53,0.01,0.53
David Nwaba,nwabada01,HOU,Stretch Big,609,SF,29,,0.34,-0.36,0.7,1.1,0.2,-0.63,0.83,-0.43,-0.63,0.2
CJ McCollum,mccolcj01,POR/NOP,Secondary Ball Handler,"2,145",SG,30,,0.33,2.22,-1.89,3.8,0.11,1.32,-1.2,-1.76,0.11,-1.87
Jerami Grant,grantje01,DET,Shot Creator,"1,500",PF,28,,0.33,-0.44,0.76,2.6,-0.26,-0.01,-0.25,-1.57,-1.75,0.19
Delon Wright,wrighde01,ATL,Primary Ball Handler,"1,452",SG,29,,0.31,-0.56,0.87,2.5,0.33,-0.5,0.83,0.01,-1.01,1.02
Jaxson Hayes,hayesja02,NOP,Roll + Cut Big,"1,398",C,21,,0.3,0.09,0.21,2.4,-0.17,-0.64,0.47,-1.39,-1.07,-0.31
Alec Burks,burksal01,NYK,Primary Ball Handler,"2,318",SG,30,,0.29,0.25,0.04,4,0.37,-0.27,0.64,-0.07,0.33,-0.39
Zach Collins,colliza01,SAS,Stretch Big,502,PF,24,,0.28,-0.42,0.7,0.9,-0.26,-0.85,0.59,0,0,0
Xavier Tillman Sr.,tillmxa01,MEM,Roll + Cut Big,701,PF,23,,0.28,-0.53,0.81,1.2,-0.17,-0.53,0.36,-0.2,0.03,-0.23
Dorian Finney-Smith,finnedo01,DAL,Stationary Shooter,"2,644",PF,28,,0.26,0.11,0.15,4.5,0.39,-0.36,0.75,1.24,1.14,0.1
Bojan Bogdanovic,bogdabo02,UTA,Movement Shooter,"2,131",PF,32,,0.23,1.68,-1.44,3.6,0.84,1.85,-1,1,1.39,-0.4
Cameron Payne,payneca01,PHO,Primary Ball Handler,"1,278",PG,27,,0.22,-0.05,0.27,2.2,-0.33,0.22,-0.56,-1.05,-1.52,0.48
Jaylen Nowell,nowelja01,MIN,Secondary Ball Handler,975,SG,22,,0.2,1.35,-1.15,1.6,-0.48,0.63,-1.11,0.11,0.63,-0.52
Dwight Powell,poweldw01,DAL,Roll + Cut Big,"1,798",C,30,,0.19,-0.04,0.23,3,0.43,-0.12,0.54,-1.25,-1.27,0.02
Moses Brown,brownmo01,DAL/CLE,Roll + Cut Big,344,C,22,,0.19,-0.51,0.7,0.6,-0.04,-0.56,0.52,1.19,0.34,0.85
Freddie Gillespie,gillefr01,ORL,Roll + Cut Big,119,PF,24,,0.19,-1.08,1.27,0.2,-0.31,-1.09,0.79,0,0,0
Dwight Howard,howardw01,LAL,Roll + Cut Big,971,C,36,,0.17,-0.78,0.95,1.6,0.42,-0.76,1.18,0.11,-0.55,0.65
Jalen Smith,smithja04,PHO/IND,Stretch Big,924,PF,22,,0.17,0.55,-0.38,1.5,0.08,0.1,-0.02,0.34,0.33,0.02
P.J. Tucker,tuckepj01,MIA,Stretch Big,"1,981",PF,36,,0.16,-0.97,1.13,3.3,0.11,-1.1,1.2,1.21,0.81,0.4
OG Anunoby,anunoog01,TOR,Shot Creator,"1,728",SF,24,,0.15,-0.27,0.42,2.8,0.13,0.04,0.09,-0.44,0.2,-0.64
Josh Hart,hartjo01,NOP/POR,Stationary Shooter,"1,791",SG-SF,27,,0.08,-0.53,0.61,2.9,0.69,0.09,0.6,-1.4,-0.75,-0.65
Devin Vassell,vassede01,SAS,Movement Shooter,"1,937",SF,21,,0.08,-0.67,0.75,3.1,-0.49,-0.43,-0.06,-0.22,0.19,-0.42
Kelly Olynyk,olynyke01,DET,Stretch Big,764,C,30,,0.07,0.24,-0.18,1.2,-0.11,-0.11,0,0.3,0.32,-0.02
Thomas Bryant,bryanth01,WAS,Stretch Big,439,C,24,,0.06,-0.78,0.85,0.7,0.26,-0.56,0.81,0,0,0
Tony Bradley,bradlto01,CHI,Roll + Cut Big,549,C,24,,0.04,-1.56,1.6,0.9,-0.87,-2.03,1.15,1.86,0.43,1.44
Franz Wagner,wagnefr01,ORL,Secondary Ball Handler,"2,429",SF,20,,0.04,-0.17,0.21,3.8,-1.87,-1.4,-0.47,-0.7,-0.49,-0.21
Jeremy Lamb,lambje01,IND/SAC,Secondary Ball Handler,935,SF-SG,29,,0.03,0.11,-0.08,1.5,-0.3,-0.03,-0.27,-0.92,-0.19,-0.73
Trevelin Queen,queentr01,HOU,Movement Shooter,74,SG,25,,0.03,0.13,-0.1,0.1,-0.04,0.06,-0.1,0,0,0
P.J. Washington,washipj01,CHO,Stretch Big,"1,768",PF,23,,0.02,-0.18,0.2,2.7,-0.73,-0.74,0.01,-1.72,-0.22,-1.5
Lindy Waters III,waterli01,OKC,Movement Shooter,465,SG,24,,0,-0.19,0.18,0.7,-0.37,-0.36,-0.01,0,0,0
Jeff Green,greenje02,DEN,Stretch Big,"1,849",C,35,,-1,-0.78,-0.23,1.6,-0.76,-0.56,-0.2,0.29,1.38,-1.09
Russell Westbrook,westbru01,LAL,Shot Creator,"2,678",PG,33,,-1,0.18,-1.18,2.4,-0.79,-0.01,-0.79,0.95,0.79,0.15
Gorgui Dieng,dienggo01,ATL,Stretch Big,371,C,32,,-0.01,-0.62,0.61,0.6,0.83,-0.05,0.88,0.45,-0.3,0.75
Tyrone Wallace,wallaty01,NOP,Athletic Finisher,75,SG,27,,-1,-0.89,-0.1,0.1,-0.84,-0.87,0.03,0,0,0
Aaron Holiday,holidaa01,WAS/PHO,Slasher,"1,021",PG,25,,-1,-1.01,0.01,0.9,-1.41,-1,-0.41,-1.7,-0.35,-1.35
Oshae Brissett,brissos01,IND,Athletic Finisher,"1,564",SF,23,,-1,-0.09,-0.91,1.4,-1.19,-0.37,-0.83,-0.9,-0.59,-0.31
Javonte Green,greenja02,CHI,Stretch Big,"1,519",SF,28,,-0.01,-1.11,1.11,2.3,-0.53,-1.1,0.57,0.16,-0.69,0.85
Reggie Bullock,bullore01,DAL,Stationary Shooter,"1,902",SF,31,,-0.07,-0.31,0.24,2.8,-0.99,-0.92,-0.06,-0.15,-0.33,0.18
Mason Plumlee,plumlma01,CHO,Roll + Cut Big,"1,793",C,32,,-0.08,-1.64,1.55,2.7,0.17,-1.09,1.27,-0.77,-0.73,-0.04
Moritz Wagner,wagnemo01,ORL,Stretch Big,960,C,24,,-0.08,0.96,-1.04,1.4,0.2,0.4,-0.19,-0.21,0.86,-1.06
Mo Bamba,bambamo01,ORL,Stretch Big,"1,824",C,23,,-0.09,-2.26,2.17,2.7,0.41,-1.37,1.77,-1.7,-1.71,0.01
Sekou Doumbouya,doumbse01,LAL,Stretch Big,16,PF,21,,-0.1,-0.1,0,0,-0.25,-0.08,-0.17,0.52,0.01,0.51
Jordan Schakel,schakjo01,WAS,Athletic Finisher,30,SG,23,,-0.1,-0.19,0.09,0,-0.23,-0.21,-0.02,0,0,0
Jaime Echenique,echenja01,WAS,Low Minute,3,C,24,,-0.11,-0.11,0,0,-0.1,-0.1,-0.01,0,0,0
Grayson Allen,allengr01,MIL,Movement Shooter,"1,805",SG,26,,-0.12,-0.51,0.39,2.6,0.15,0.23,-0.08,0.01,-0.06,0.07
Tristan Thompson,thomptr01,SAC/IND/CHI,Roll + Cut Big,896,PF,31,,-0.14,0.02,-0.16,1.3,-0.98,-0.94,-0.04,-0.79,0.76,-1.55
Keldon Johnson,johnske04,SAS,Stationary Shooter,"2,392",SF,22,,-0.14,-0.06,-0.08,3.5,-0.19,0.31,-0.5,-0.67,-1.6,0.93
Cole Anthony,anthoco01,ORL,Primary Ball Handler,"2,059",PG,21,,-0.14,0.05,-0.19,3,-0.87,-0.46,-0.41,0.01,0.91,-0.91
Jarred Vanderbilt,vandeja01,MIN,Roll + Cut Big,"1,881",PF,23,,-0.15,-0.97,0.82,2.7,0.58,-0.97,1.55,-0.11,0.1,-0.21
Terance Mann,mannte01,LAC,Athletic Finisher,"2,317",SF,25,,-0.15,-0.42,0.27,3.3,-1.17,-1.06,-0.11,0.84,-0.07,0.91
Matisse Thybulle,thybuma01,PHI,Stretch Big,"1,685",SG,25,,-0.15,-1.9,1.74,2.4,-0.32,-2.19,1.87,0.12,0.29,-0.17
Joel Ayayi,ayayijo01,WAS,Athletic Finisher,20,SG,22,,-0.15,-0.19,0.04,0,-0.16,-0.15,-0.01,-0.06,-0.12,0.06
Kenrich Williams,willike04,OKC,Stretch Big,"1,072",SF,27,,-0.16,-1.13,0.97,1.5,-1.53,-1.32,-0.21,1.48,-0.02,1.5
Jay Huff,huffja01,LAL,Low Minute,20,C,24,,-0.17,-0.21,0.04,0,-0.33,-0.16,-0.17,0.39,0.11,0.28
Jared Harper,harpeja01,NOP,Slasher,43,PG,24,,-0.18,0.14,-0.32,0.1,-0.07,0.05,-0.12,0,0,0
Danilo Gallinari,gallida01,ATL,Versatile Big,"1,672",PF,33,,-0.19,1.1,-1.29,2.4,-0.12,0.6,-0.72,-1.48,0.05,-1.54
LaMarcus Aldridge,aldrila01,BRK,Post Scorer,"1,050",C,36,,-0.2,0.31,-0.51,1.5,-0.23,0.03,-0.26,0.11,0.98,-0.87
Luke Kennard,kennalu01,LAC,Movement Shooter,"1,919",SG,25,,-0.2,0.08,-0.28,2.7,-1.04,-0.19,-0.84,1.47,0.17,1.3
Naz Reid,reidna01,MIN,Stretch Big,"1,215",C,22,,-0.2,-1.01,0.81,1.7,0.12,-0.33,0.45,-1.22,-1.42,0.21
Jordan Goodwin,goodwjo01,WAS,Secondary Ball Handler,6,SG,23,,-0.2,-0.16,-0.04,0,-0.11,-0.11,-0.01,0,0,0
Rudy Gay,gayru01,UTA,Stretch Big,"1,038",PF,35,,-0.21,-0.24,0.03,1.5,-0.08,0.16,-0.24,-0.31,-0.13,-0.19
Malik Monk,monkma01,LAL,Movement Shooter,"2,139",SG,24,,-0.21,1.12,-1.33,3,-1.33,-0.14,-1.19,-0.06,0.48,-0.54
Derrick Walton,waltode01,DET,Secondary Ball Handler,108,PG,27,,-0.21,-0.76,0.55,0.2,-0.45,-0.74,0.29,0,0,0
Craig Sword,swordcr01,WAS,Stationary Shooter,19,SG,28,,-0.21,-0.28,0.07,0,-0.21,-0.22,0.02,0,0,0
Nate Hinton,hintona01,IND,Low Minute,2,SG,22,,-0.21,0.02,-0.23,0,-0.31,-0.03,-0.29,0,0,0
Braxton Key,keybr01,PHI/DET,Stretch Big,197,SF,25,,-0.21,-0.79,0.58,0.3,-0.54,-1.24,0.7,0,0,0
Thaddeus Young,youngth01,SAS/TOR,Roll + Cut Big,845,PF,33,,-0.22,-1.02,0.8,1.2,-0.19,-0.57,0.38,0.25,-0.17,0.42
Trey Lyles,lylestr01,DET/SAC,Stretch Big,"1,536",PF,26,,-0.22,0.03,-0.25,2.1,-0.26,-0.06,-0.2,-0.21,0.18,-0.38
Cassius Winston,winstca01,WAS,Secondary Ball Handler,39,PG,24,,-0.22,-0.21,-0.01,0.1,-0.26,-0.22,-0.04,-0.05,0.01,-0.07
Blake Griffin,griffbl01,BRK,Stretch Big,958,PF,33,,-0.23,-0.51,0.27,1.3,0.05,0.2,-0.15,0.55,-0.33,0.87
Tim Hardaway Jr.,hardati02,DAL,Stationary Shooter,"1,245",SG,30,,-0.25,0.04,-0.28,1.7,0.24,0.75,-0.5,-0.91,0.23,-1.14
Ade Murkey,murkead01,SAC,Low Minute,1,SG,24,,-0.26,-0.2,-0.06,0,-0.26,-0.18,-0.08,0,0,0
Duncan Robinson,robindu01,MIA,Movement Shooter,"2,043",SG,27,,-0.27,0,-0.27,2.8,0.37,0.41,-0.05,0.98,0.41,0.58
Armoni Brooks,brookar01,HOU/TOR,Movement Shooter,844,SG-PG,23,,-0.28,0.61,-0.89,1.1,-1.09,-0.29,-0.8,1.57,2.07,-0.5
Ahmad Caver,caverah01,IND,Low Minute,1,PG,25,,-0.28,0,-0.29,0,-0.3,-0.01,-0.29,0,0,0
Bones Hyland,hylanbo01,DEN,Secondary Ball Handler,"1,310",PG,21,,-0.28,0.97,-1.25,1.8,0.61,1.05,-0.44,-0.21,-0.15,-0.07
Christian Wood,woodch01,HOU,Stretch Big,"2,094",C,26,,-0.29,-0.66,0.37,2.8,1.05,0.76,0.3,-1.22,-0.7,-0.52
Gabe York,yorkga01,IND,Slasher,21,SG,28,,-0.29,0.04,-0.33,0,-0.31,-0.04,-0.26,0,0,0
Jordan Bell,belljo01,CHI,Low Minute,2,C,27,,-0.29,-0.08,-0.21,0,-0.3,-0.12,-0.18,0,0,0
Cody Martin,martico01,CHO,Stationary Shooter,"1,866",SF,26,,-0.29,-0.21,-0.08,2.5,-1.17,-1.09,-0.09,0.95,1.82,-0.87
Tre Jones,jonestr01,SAS,Primary Ball Handler,"1,148",PG,22,,-0.29,-0.1,-0.19,1.6,-0.55,-0.25,-0.29,1.95,0.59,1.36
Jemerrio Jones,jonesje01,LAL,Roll + Cut Big,15,SF,27,,-0.3,-0.11,-0.19,0,-0.32,-0.12,-0.2,0,0,0
Yuta Watanabe,watanyu01,TOR,Stationary Shooter,445,SF,27,,-0.31,-0.81,0.51,0.6,-0.99,-1.32,0.33,0.63,-0.3,0.93
Scottie Barnes,barnesc01,TOR,Roll + Cut Big,"2,617",PF,20,,-0.31,-0.84,0.53,3.5,0.29,-0.17,0.46,0.09,-0.28,0.37
DeJon Jarreau,jarrede01,IND,Low Minute,1,SG,24,,-0.31,-0.01,-0.3,0,-0.3,-0.02,-0.29,-0.03,0.01,-0.05
Cameron McGriff,mcgrica01,POR,Stretch Big,46,SF,24,,-0.32,-0.09,-0.23,0.1,-0.64,-0.45,-0.19,0,0,0
Isaiah Todd,toddis01,WAS,Movement Shooter,74,PF,20,,-0.33,-0.47,0.14,0.1,-0.34,-0.34,0,-0.1,-0.12,0.02
Emmanuel Mudiay,mudiaem01,SAC,Secondary Ball Handler,11,PG,26,,-0.34,-0.26,-0.08,0,-0.28,-0.21,-0.07,0,0,0
Caris LeVert,leverca01,IND/CLE,Slasher,"1,780",SG,27,,-0.34,1.5,-1.84,2.3,-0.31,0.62,-0.93,1.61,1.97,-0.35
Goga Bitadze,bitadgo01,IND,Stretch Big,729,C,22,,-0.34,0.28,-0.62,1,0.13,0.02,0.11,-0.44,-0.07,-0.37
Nic Claxton,claxtni01,BRK,Roll + Cut Big,974,C,22,,-0.34,-0.93,0.59,1.3,-0.02,-0.84,0.82,-1.17,-0.57,-0.6
Saben Lee,leesa01,DET,Secondary Ball Handler,604,PG,22,,-0.34,0.11,-0.45,0.8,-0.19,-0.58,0.39,1.56,0.77,0.78
Rob Edwards,edwarro01,OKC,Movement Shooter,11,SG,25,,-0.34,-0.37,0.03,0,-0.24,-0.32,0.08,0,0,0
Tacko Fall,fallta01,CLE,Post Scorer,59,C,26,,-0.35,-0.56,0.21,0.1,-0.59,-0.64,0.06,-0.04,-0.17,0.13
Mason Jones,jonesma05,LAL,Stretch Big,51,SG,23,,-0.35,-0.21,-0.13,0.1,-0.33,-0.19,-0.14,0,0,0
Austin Reaves,reaveau01,LAL,Stationary Shooter,"1,418",SG,23,,-0.35,-0.29,-0.05,1.9,-1.67,-1.06,-0.61,0.51,-0.4,0.91
Reggie Jackson,jacksre01,LAC,Primary Ball Handler,"2,337",SG,31,,-0.36,-0.33,-0.03,3.1,-0.77,0.09,-0.87,1.35,0.62,0.73
Scotty Hopson,hopsosc01,OKC,Movement Shooter,18,SG,32,,-0.36,-0.45,0.09,0,-0.33,-0.42,0.09,0,0,0
Julius Randle,randlju01,NYK,Stretch Big,"2,544",PF,27,,-0.36,-0.33,-0.03,3.3,0.64,0.29,0.36,-0.76,-0.64,-0.12
Bruno Fernando,fernabr01,BOS/HOU,Roll + Cut Big,153,C,23,,-0.36,-0.39,0.03,0.2,-0.3,-0.34,0.04,-0.2,-0.09,-0.11
B.J. Johnson,johnsbj01,ORL,Athletic Finisher,65,SF,26,,-0.36,-0.5,0.13,0.1,-0.3,-0.4,0.11,0,0,0
Marko Simonovic,simonma01,CHI,Stretch Big,35,C,22,,-0.36,-0.22,-0.13,0,-0.42,-0.21,-0.21,0.24,-0.02,0.26
Jordan McLaughlin,mclaujo01,MIN,Stationary Shooter,902,PG,26,,-0.37,-0.61,0.23,1.2,-0.17,-0.39,0.22,-1.16,-1.12,-0.04
Dewayne Dedmon,dedmode01,MIA,Roll + Cut Big,"1,065",C,32,,-0.38,-1.38,1,1.4,0.16,-1.53,1.69,1.65,1.57,0.08
Derrick Jones Jr.,jonesde02,CHI,Stretch Big,899,PF,25,,-0.4,-0.89,0.49,1.1,-1.39,-1.81,0.42,1.35,2.25,-0.9
Matt Mooney,moonema01,NYK,Secondary Ball Handler,2,SG,27,,-0.4,-0.21,-0.18,0,-0.41,-0.21,-0.2,0,0,0
Tyler Hall,hallty01,NYK,Low Minute,2,SG,25,,-0.4,-0.22,-0.18,0,-0.41,-0.21,-0.2,0,0,0
Javin DeLaurier,delauja01,MIL,Low Minute,3,C,24,,-0.41,-0.15,-0.26,0,-0.4,-0.18,-0.22,0,0,0
Robert Woodard II,woodaro01,SAC,Stretch Big,42,SF,22,,-0.41,-0.39,-0.02,0.1,-0.45,-0.35,-0.1,0.13,0.1,0.04
Nik Stauskas,stausni01,MIA/BOS,Stationary Shooter,39,SG,28,,-0.42,-0.09,-0.33,0,-0.6,-0.22,-0.38,0,0,0
Buddy Hield,hieldbu01,SAC/IND,Movement Shooter,"2,499",SG,29,,-0.42,1.28,-1.7,3.2,-1.13,0.33,-1.46,0.59,1.54,-0.95
Charles Bassey,bassech01,PHI,Roll + Cut Big,168,PF,21,,-0.42,-1.13,0.72,0.2,-0.69,-1.19,0.5,0.46,0.14,0.33
Hassani Gravett,graveha01,ORL,Secondary Ball Handler,171,PG,25,,-0.42,-0.87,0.45,0.2,-0.7,-1.01,0.3,0,0,0
Cat Barber,barbeca01,ATL,Slasher,13,PG,27,,-0.43,-0.28,-0.15,0,-0.43,-0.24,-0.18,0,0,0
Petr Cornelie,cornepe01,DEN,Stretch Big,38,PF,26,,-0.43,-0.13,-0.3,0,-0.44,-0.16,-0.28,0.03,0.22,-0.19
Aleksej Pokusevski,pokusal01,OKC,Stationary Shooter,"1,233",PF,20,,-0.43,-1.47,1.04,1.6,-1.53,-1.8,0.27,-0.88,-1.68,0.8
Day'Ron Sharpe,sharpda01,BRK,Roll + Cut Big,391,PF,20,,-0.43,0.27,-0.7,0.5,-0.58,-0.02,-0.56,-0.02,-0.33,0.32
Damyean Dotson,dotsoda01,NYK,Off Screen Shooter,21,SG,27,,-0.44,-0.19,-0.25,0,-0.53,-0.33,-0.19,0,0,0
Jarron Cumberland,cumbeja01,POR,Low Minute,12,SG,24,,-0.44,-0.3,-0.15,0,-0.56,-0.38,-0.18,0,0,0
Naji Marshall,marshna01,NOP,Stationary Shooter,735,SF,24,,-0.44,-0.43,-0.01,0.9,-0.63,-0.48,-0.15,-0.66,-0.99,0.33
Mac McClung,mccluma01,CHI/LAL,Slasher,24,SG-PG,23,,-0.44,-0.13,-0.32,0,-0.33,-0.17,-0.17,0,0,0
Josh Richardson,richajo01,BOS/SAS,Stationary Shooter,"1,600",SG,28,,-0.45,-0.17,-0.28,2,-1.06,-0.74,-0.33,1.09,0.58,0.51
Langston Galloway,gallola01,BRK/MIL,Secondary Ball Handler,107,SG,30,,-0.46,-0.41,-0.05,0.1,-0.79,-0.45,-0.34,0,0,0
Malik Newman,newmama01,CLE,Slasher,8,PG,25,,-0.46,-0.25,-0.21,0,-0.51,-0.28,-0.24,0,0,0
Tre Scott,scotttr01,CLE,Post Scorer,11,SF,25,,-0.46,-0.29,-0.17,0,-0.55,-0.32,-0.23,0,0,0
Miles McBride,mcbrimi01,NYK,Secondary Ball Handler,372,PG,21,,-0.46,-0.52,0.07,0.5,-1.3,-1.17,-0.13,0.09,0.16,-0.07
Eugene Omoruyi,omorueu01,DAL,Stretch Big,18,SF,25,,-0.46,-0.22,-0.24,0,-0.54,-0.23,-0.31,0.11,0.01,0.11
Derrick Rose,rosede01,NYK,Secondary Ball Handler,636,PG,33,,-0.47,-0.11,-0.37,0.8,-0.59,0.19,-0.78,1.4,0.78,0.62
James Ennis III,ennisja01,BRK/LAC/DEN,Stretch Big,56,SF,31,,-0.47,-0.2,-0.27,0.1,-0.53,-0.2,-0.33,0,0,0
Pat Connaughton,connapa01,MIL,Stationary Shooter,"1,691",SG,29,,-0.48,-0.6,0.13,2.1,-0.01,0.04,-0.05,0.88,-0.11,0.99
Tyler Herro,herroty01,MIA,Primary Ball Handler,"2,151",SG,22,,-0.48,0.82,-1.31,2.6,0.11,0.98,-0.87,-1.52,-0.06,-1.46
Isaac Okoro,okorois01,CLE,Athletic Finisher,"1,981",SF,21,,-0.48,-0.88,0.4,2.4,-1.25,-1.68,0.43,0.72,-0.18,0.9
Aleem Ford,fordal03,ORL,Stationary Shooter,74,SF,24,,-0.48,-0.59,0.11,0.1,-0.39,-0.57,0.19,0,0,0
Kevin Huerter,huertke01,ATL,Movement Shooter,"2,188",SG,23,,-0.49,-0.22,-0.27,2.7,-0.77,-0.16,-0.61,1.16,0.5,0.66
Chuma Okeke,okekech01,ORL,Stationary Shooter,"1,749",PF,23,,-0.49,-1.66,1.17,2.1,-0.53,-1.46,0.93,-0.17,-0.12,-0.06
Caleb Martin,martica02,MIA,Athletic Finisher,"1,372",SF,26,,-0.5,-1.06,0.55,1.7,-0.2,-0.84,0.65,0.62,0.48,0.15
Greg Monroe,monrogr01,MIN/WAS/MIL/UTA,Roll + Cut Big,195,C,31,,-0.51,-0.01,-0.51,0.2,-0.61,-0.39,-0.21,0,0,0
Kyle Anderson,anderky01,MEM,Athletic Finisher,"1,484",PF,28,,-0.51,-1.43,0.93,1.8,0.44,-0.95,1.39,-1.63,-0.02,-1.6
Max Strus,strusma01,MIA,Off Screen Shooter,"1,587",SF,26,,-0.51,0.04,-0.54,1.9,-0.18,0.32,-0.51,1.19,0.35,0.84
Derrick Favors,favorde01,OKC,Roll + Cut Big,653,C,30,,-0.52,-1.92,1.4,0.8,-1.18,-1.73,0.55,0.38,-0.52,0.9
Coby White,whiteco01,CHI,Secondary Ball Handler,"1,675",PG,22,,-0.52,1.15,-1.67,2,-1.39,-0.07,-1.32,0.24,0.53,-0.3
Feron Hunt,huntfe01,NYK,Roll + Cut Big,8,SF,22,,-0.53,-0.33,-0.21,0,-0.45,-0.25,-0.2,0,0,0
Cody Zeller,zelleco01,POR,Roll + Cut Big,355,C,29,,-0.54,-0.83,0.28,0.4,-0.94,-0.87,-0.07,-0.52,-0.06,-0.46
Justin Anderson,anderju01,CLE/IND,Stationary Shooter,316,SF,28,,-0.54,-0.06,-0.48,0.4,-0.14,-0.05,-0.09,0,0,0
Marvin Bagley III,baglema01,SAC/DET,Roll + Cut Big,"1,146",PF,23,,-0.54,-0.03,-0.51,1.4,-0.65,-0.34,-0.31,1.42,1.45,-0.03
Zylan Cheatham,cheatzy01,UTA,Stretch Big,5,SF,26,,-0.54,-0.03,-0.51,0,-0.45,0.07,-0.52,0,0,0
Juancho Hernangomez,hernaju01,BOS/SAS/UTA,Athletic Finisher,445,PF,26,,-0.55,-0.24,-0.32,0.5,-0.48,-0.42,-0.06,0.04,-0.32,0.36
Frank Ntilikina,ntilila01,DAL,Stationary Shooter,685,PG,23,,-0.56,-0.94,0.38,0.8,-1.26,-1.05,-0.22,1.62,0.07,1.55
Boban Marjanovic,marjabo01,DAL,Post Scorer,128,C,33,,-0.57,-0.75,0.18,0.1,-1.05,-0.72,-0.34,0.9,0.32,0.59
Neemias Queta,quetane01,SAC,Roll + Cut Big,120,C,22,,-0.57,-0.96,0.39,0.1,-0.72,-0.85,0.14,0,0,0
Juan Toscano-Anderson,toscaju01,GSW,Stretch Big,994,SF,29,,-0.58,-1.14,0.56,1.2,-0.42,-1.48,1.06,1.86,1.26,0.6
Rayjon Tucker,tuckera01,DEN/MIL,Stationary Shooter,71,SG,24,,-0.58,-0.33,-0.25,0.1,-0.52,-0.3,-0.21,0,0,0
Jaysean Paige,paigeja01,DET,Secondary Ball Handler,7,PG,27,,-0.58,-0.45,-0.13,0,-0.41,-0.35,-0.06,0,0,0
Devin Cannady,cannade01,ORL,Slasher,145,PG,25,,-0.58,-0.65,0.07,0.2,-0.63,-0.65,0.02,0,0,0
Nicolas Batum,batumni01,LAC,Stationary Shooter,"1,463",PF,33,,-0.59,-1.77,1.18,1.7,0.69,-0.7,1.39,-0.34,-0.55,0.21
Davis Bertans,bertada01,WAS/DAL,Off Screen Shooter,806,PF,29,,-0.59,-0.2,-0.39,0.9,-0.92,-0.35,-0.57,-0.59,-0.23,-0.36
Seth Curry,curryse01,PHI/BRK,Secondary Ball Handler,"2,134",SG,31,,-0.59,0.01,-0.6,2.5,-1,-0.33,-0.68,0.44,0.69,-0.26
Kyle Kuzma,kuzmaky01,WAS,Movement Shooter,"2,204",PF,26,,-0.59,-0.33,-0.26,2.5,0.24,0.09,0.15,-1.14,-0.42,-0.71
Luke Kornet,kornelu01,CLE/MIL/BOS,Stretch Big,103,C,26,,-0.59,-0.17,-0.41,0.1,-0.89,-0.39,-0.5,0,0,0
Bol Bol,bolbo01,DEN,Roll + Cut Big,81,PF,22,,-0.59,-0.6,0.01,0.1,-0.68,-0.52,-0.16,0.28,0.03,0.25
Damian Jones,jonesda03,SAC,Roll + Cut Big,"1,017",C,26,,-0.6,-1.32,0.72,1.2,-0.4,-1.03,0.63,1,0.63,0.37
Quinndary Weatherspoon,weathqu01,GSW,Roll + Cut Big,73,SG,25,,-0.6,-0.36,-0.24,0.1,-0.87,-0.52,-0.35,0,0,0
Jared Butler,butleja02,UTA,Shot Creator,360,SG,21,,-0.6,0.75,-1.35,0.4,-0.15,0.36,-0.51,-0.6,-0.33,-0.27
Gary Clark,clarkga01,NOP,Stationary Shooter,378,PF,27,,-0.61,-0.77,0.16,0.4,-0.66,-1.04,0.38,-0.08,-0.22,0.14
Amir Coffey,coffeam01,LAC,Stationary Shooter,"1,567",SG,24,,-0.61,-0.14,-0.47,1.8,-0.84,-0.48,-0.35,0.06,-0.73,0.79
Vernon Carey Jr.,careyve01,CHO/WAS,Roll + Cut Big,44,C,21,,-0.61,-0.34,-0.27,0.1,-0.56,-0.34,-0.22,-0.23,-0.05,-0.18
Trayvon Palmer,palmetr01,DET,Roll + Cut Big,17,SG,27,,-0.62,-0.64,0.02,0,-0.52,-0.48,-0.04,0,0,0
Devon Dotson,dotsode01,CHI,Secondary Ball Handler,85,PG,22,,-0.62,-0.4,-0.22,0.1,-0.6,-0.39,-0.2,-0.5,-0.2,-0.3
Carlik Jones,jonesca03,DAL/DEN,Slasher,23,PG,24,,-0.62,-0.26,-0.36,0,-0.52,-0.21,-0.31,0,0,0
Markus Howard,howarma02,DEN,Movement Shooter,176,SG,23,,-0.64,0.58,-1.22,0.2,-0.51,0.44,-0.95,-0.8,0.14,-0.94
Moses Wright,wrighmo01,LAC/DAL,Roll + Cut Big,15,PF,23,,-0.64,-0.3,-0.35,0,-0.53,-0.21,-0.31,0,0,0
Devontae Cacok,cacokde01,SAS,Roll + Cut Big,121,PF,25,,-0.65,-1.09,0.44,0.1,-0.79,-1.19,0.4,0.09,0.09,0.01
Cheick Diallo,diallch01,DET,Roll + Cut Big,31,C,25,,-0.66,-0.66,-0.01,0,-0.55,-0.53,-0.03,0,0,0
Wayne Selden,seldewa01,NYK,Secondary Ball Handler,19,SG,27,,-0.66,-0.35,-0.31,0,-0.51,-0.31,-0.2,-0.11,-0.07,-0.04
Dean Wade,wadede01,CLE,Stationary Shooter,980,PF,25,,-0.66,-1.85,1.19,1.1,-1.25,-1.56,0.31,0.01,-1.18,1.17
Xavier Sneed,sneedxa01,MEM/UTA,Off Screen Shooter,39,SF,24,,-0.66,0,-0.66,0,-0.73,-0.16,-0.57,0,0,0
George Hill,hillge01,MIL,Secondary Ball Handler,"1,253",SG,35,,-0.68,-0.86,0.18,1.4,-1.44,-1.24,-0.2,0.86,1,-0.14
Harrison Barnes,barneha02,SAC,Stationary Shooter,"2,587",PF,29,,-0.68,0.73,-1.4,2.8,-1.02,0.25,-1.26,-1.02,1.02,-2.03
Wenyen Gabriel,gabriwe01,BRK/LAC/LAL,Stretch Big,359,PF,25,,-0.68,-0.2,-0.48,0.4,-0.98,-0.86,-0.11,0,0,0
JaMychal Green,greenja01,DEN,Stretch Big,"1,085",PF,31,,-0.69,-0.93,0.23,1.2,-0.08,-0.68,0.6,-2.35,-1.43,-0.92
Malik Beasley,beaslma01,MIN,Movement Shooter,"1,976",SG,25,,-0.69,0.48,-1.17,2.2,-0.76,0.8,-1.56,-1.78,-1.53,-0.25
JaQuori McLaughlin,mclauja01,DAL,Secondary Ball Handler,11,PG,24,,-0.69,-0.25,-0.44,0,-0.55,-0.23,-0.32,-0.17,-0.04,-0.13
Isaiah Stewart,stewais01,DET,Roll + Cut Big,"1,816",C,20,,-0.7,-2.5,1.8,2,-1.92,-2.4,0.49,-0.62,-2.24,1.61
Gabriel Deck,deckga01,OKC,Stretch Big,56,PF,27,,-0.7,-0.75,0.05,0.1,-0.59,-0.65,0.06,-0.26,-0.11,-0.15
Trey Murphy III,murphtr02,NOP,Stationary Shooter,864,SF,21,,-0.7,-0.41,-0.29,0.9,-0.94,-0.25,-0.69,-0.38,-1.15,0.77
Larry Nance Jr.,nancela02,POR/NOP,Stretch Big,"1,040",PF,29,,-0.71,-1.04,0.33,1.1,-1,-1.21,0.21,0.41,0.42,0.01
Nerlens Noel,noelne01,NYK,Roll + Cut Big,562,C,28,,-0.72,-3.25,2.53,0.6,-0.44,-2.82,2.38,-0.45,-0.5,0.05
Shaquille Harrison,harrish01,BRK,Movement Shooter,23,SG,28,,-0.72,-0.38,-0.33,0,-0.68,-0.3,-0.38,0,0,0
Shake Milton,miltosh01,PHI,Secondary Ball Handler,"1,179",PG,25,,-0.72,-0.46,-0.25,1.3,-1.79,-0.98,-0.81,1.04,0.14,0.9
Terry Taylor,taylote01,IND,Roll + Cut Big,714,SG,22,,-0.73,0.73,-1.47,0.8,-1.48,0.14,-1.62,0,0,0
Richaun Holmes,holmeri01,SAC,Roll + Cut Big,"1,074",C,28,,-0.74,-1.49,0.75,1.1,-0.66,-1.29,0.64,0.18,-0.12,0.3
Jaylen Hoard,hoardja01,OKC,Slasher,240,SF,23,,-0.74,-0.47,-0.27,0.3,-0.18,-0.41,0.23,0,0,0
Anthony Gill,gillan01,WAS,Roll + Cut Big,463,PF,29,,-0.74,-0.83,0.09,0.5,-1.49,-1.33,-0.16,0.82,0.2,0.62
RJ Nembhard Jr.,nembhrj01,CLE,Slasher,63,SG,23,,-0.74,-0.42,-0.32,0.1,-0.73,-0.44,-0.29,0.07,-0.07,0.13
Chimezie Metu,metuch01,SAC,Stretch Big,"1,279",C,25,,-0.75,-1.9,1.14,1.3,-0.47,-1.18,0.71,0.89,-0.07,0.96
Tremont Waters,watertr01,TOR/WAS,Movement Shooter,50,PG,24,,-0.75,-0.48,-0.28,0.1,-0.8,-0.5,-0.29,0,0,0
Dennis Smith Jr.,smithde03,POR,Slasher,638,PG,24,,-0.76,-1.43,0.66,0.7,-0.77,-1.16,0.4,-1.98,-1.12,-0.86
Darren Collison,collida01,LAL,Secondary Ball Handler,37,PG,34,,-0.77,-0.46,-0.31,0,-0.51,-0.34,-0.17,0,0,0
Brandon Knight,knighbr03,DAL,Secondary Ball Handler,65,PG,30,,-0.77,-0.31,-0.46,0.1,-0.63,-0.23,-0.4,0,0,0
Cameron Oliver,oliveca01,ATL,Roll + Cut Big,43,SF,25,,-0.77,-0.36,-0.41,0,-0.57,-0.38,-0.19,0,0,0
Deividas Sirvydis,sirvyde01,DET,Athletic Finisher,27,SG,21,,-0.77,-0.68,-0.09,0,-0.45,-0.44,-0.01,0,0,0
KZ Okpala,okpalkz01,MIA,Stretch Big,244,PF,22,,-0.78,-1.38,0.6,0.3,-1.33,-1.41,0.09,0.44,-0.07,0.51
Louis King,kinglo02,SAC,Secondary Ball Handler,104,SF,23,,-0.78,-0.38,-0.4,0.1,-0.51,-0.33,-0.18,-0.34,-0.06,-0.28
Matt Ryan,ryanma01,BOS,Athletic Finisher,5,SF,24,,-0.79,-0.08,-0.71,0,-0.82,-0.13,-0.69,0,0,0
Jaylen Morris,morrija01,SAS,Secondary Ball Handler,16,SG,26,,-0.8,-0.48,-0.32,0,-0.87,-0.5,-0.37,0,0,0
David Johnson,johnsda08,TOR,Off Screen Shooter,2,SG,21,,-0.8,-0.44,-0.36,0,-0.8,-0.44,-0.36,0.01,0.01,-0.02
Kemba Walker,walkeke02,NYK,Secondary Ball Handler,948,PG,31,,-0.81,-0.52,-0.29,1,0.11,0.46,-0.35,-1.36,-1.25,-0.11
Kelly Oubre Jr.,oubreke01,CHO,Stationary Shooter,"1,999",SF,26,,-0.81,0.59,-1.39,2,-0.43,0.84,-1.27,-0.78,0.4,-1.18
Tyrese Maxey,maxeyty01,PHI,Primary Ball Handler,"2,650",PG,21,,-0.81,0.45,-1.25,2.7,0.24,0.66,-0.41,-1.24,0.45,-1.69
Will Barton,bartowi01,DEN,Secondary Ball Handler,"2,277",SG,31,,-0.82,-0.5,-0.33,2.3,0.44,0.54,-0.1,0.06,-0.29,0.35
T.J. McConnell,mccontj01,IND,Slasher,652,PG,30,,-0.82,-0.44,-0.38,0.7,-0.34,-0.26,-0.08,-1.43,0.01,-1.42
Precious Achiuwa,achiupr01,TOR,Roll + Cut Big,"1,725",C,22,,-0.82,-1.47,0.65,1.7,-1.4,-1.52,0.12,0.69,0.01,0.69
Marcus Garrett,garrema01,MIA,Roll + Cut Big,128,SG,23,,-0.82,-0.92,0.1,0.1,-1.07,-1.17,0.1,0.09,0.03,0.06
Sam Dekker,dekkesa01,TOR,Low Minute,1,PF,27,,-0.83,-0.45,-0.37,0,-0.79,-0.43,-0.36,-0.1,-0.06,-0.04
Joe Johnson,johnsjo02,BOS,Slasher,2,SG,40,,-0.85,-0.16,-0.69,0,-0.82,-0.14,-0.68,0,0,0
C.J. Miles,milescj01,BOS,Low Minute,2,SG,35,,-0.85,-0.16,-0.69,0,-0.82,-0.14,-0.68,0,0,0
Enes Freedom,kanteen01,BOS,Post Scorer,411,C,29,,-0.85,-1.23,0.38,0.4,-1.36,-1.45,0.09,1.13,0.35,0.78
Anthony Lamb,lamban01,SAS,Low Minute,8,SF,24,,-0.86,-0.5,-0.36,0,-0.82,-0.45,-0.37,0,0,0
Goran Dragic,dragigo01,TOR/BRK,Secondary Ball Handler,497,PG,35,,-0.87,-0.65,-0.21,0.5,-1.6,-1.03,-0.57,-0.25,-0.46,0.21
Brandon Goodwin,goodwbr01,CLE,Secondary Ball Handler,502,PG,26,,-0.87,-0.43,-0.45,0.5,-0.89,-0.72,-0.18,0,0,0
RJ Barrett,barrerj01,NYK,Secondary Ball Handler,"2,417",SF,21,,-0.87,0.26,-1.13,2.4,-0.51,0.05,-0.57,-1.53,-0.47,-1.06
Isaiah Roby,robyis01,OKC,Stretch Big,948,PF,24,,-0.87,-0.92,0.06,0.9,-0.09,-0.74,0.65,-0.44,-0.24,-0.2
David Duke Jr.,dukeda01,BRK,Athletic Finisher,341,PG,22,,-0.87,-0.54,-0.33,0.3,-1.51,-1.14,-0.37,0.25,0.57,-0.32
George King,kingge03,DAL,Secondary Ball Handler,19,SF,28,,-0.89,-0.36,-0.53,0,-0.59,-0.28,-0.31,0,0,0
Xavier Moon,moonxa01,LAC,Secondary Ball Handler,137,SG,27,,-0.89,-0.27,-0.62,0.1,-0.64,-0.4,-0.24,0,0,0
Cade Cunningham,cunnica01,DET,Primary Ball Handler,"2,088",PG,20,,-0.89,-0.66,-0.23,2,-1.94,-1.34,-0.6,-1.03,-1.68,0.64
Miye Oni,onimi01,UTA,Low Minute,44,SG,24,,-0.9,-0.25,-0.66,0,-0.64,-0.14,-0.5,-0.67,-0.27,-0.4
Romeo Langford,langfro01,BOS/SAS,Athletic Finisher,771,SG,22,,-0.91,-1.5,0.59,0.7,-1.93,-1.81,-0.12,0.01,0.62,-0.62
Jay Scrubb,scrubja01,LAC,Secondary Ball Handler,121,SG,21,,-0.91,-0.68,-0.24,0.1,-1.02,-0.71,-0.32,0.27,0.31,-0.04
Brodric Thomas,thomabr01,BOS,Athletic Finisher,60,SG,25,,-0.92,-0.2,-0.72,0.1,-0.99,-0.32,-0.66,-0.07,-0.09,0.02
Jeff Dowtin,dowtije01,GSW/MIL/ORL,Secondary Ball Handler,108,PG,24,,-0.92,-0.65,-0.27,0.1,-0.47,-0.43,-0.04,0.14,-0.04,0.18
Micah Potter,pottemi01,DET,Roll + Cut Big,31,C,24,,-0.92,-0.82,-0.1,0,-0.56,-0.51,-0.05,0,0,0
Isaiah Thomas,thomais02,LAL/DAL/CHO,Secondary Ball Handler,333,PG,33,,-0.93,-0.14,-0.79,0.3,-0.91,0.02,-0.93,0,0,0
Norvel Pelle,pelleno01,UTA,Roll + Cut Big,19,C,29,,-0.93,-0.27,-0.66,0,-0.54,-0.04,-0.51,0,0,0
D.J. Wilson,wilsodj01,TOR,Roll + Cut Big,54,PF,26,,-0.93,-0.73,-0.2,0.1,-0.82,-0.67,-0.15,0,0,0
Victor Oladipo,oladivi01,MIA,Secondary Ball Handler,173,SG,29,,-0.94,-0.42,-0.52,0.2,-0.5,-0.07,-0.43,0,0,0
De'Aaron Fox,foxde01,SAC,Slasher,"2,084",PG,24,,-0.96,1.15,-2.11,1.9,-0.62,0.57,-1.19,-2.33,0.48,-2.81
McKinley Wright IV,wrighmc01,MIN,Movement Shooter,19,PG,23,,-0.96,-0.3,-0.66,0,-0.88,-0.33,-0.55,-0.15,-0.05,-0.1
Chaundee Brown Jr.,brownch05,LAL/ATL,Secondary Ball Handler,104,SG-SF,23,,-0.96,-0.69,-0.27,0.1,-0.57,-0.43,-0.14,0,0,0
Gordon Hayward,haywago01,CHO,Movement Shooter,"1,564",SF,32,,-0.97,-1,0.03,1.4,-0.38,0.21,-0.6,-1.33,-0.85,-0.49
Joe Ingles,inglejo01,UTA,Stationary Shooter,"1,122",SF,34,,-0.97,-0.34,-0.63,1,-0.61,-0.09,-0.52,0.5,0.87,-0.37
Sharife Cooper,coopesh01,ATL,Movement Shooter,39,PG,20,,-0.98,-0.67,-0.31,0,-0.61,-0.39,-0.22,-0.16,-0.23,0.07
Scottie Lewis,lewissc01,CHO,Low Minute,7,SG,22,,-0.98,-0.42,-0.56,0,-1,-0.46,-0.54,0,0,0
Garrison Mathews,mathega01,HOU,Movement Shooter,"1,712",SG,25,,-0.99,0.27,-1.25,1.5,-1.55,-0.68,-0.86,-0.1,1.23,-1.34
Daniel Oturu,oturuda01,TOR,Roll + Cut Big,27,C,22,,-1.01,-0.69,-0.32,0,-0.92,-0.62,-0.3,0,0,0
Jaden Springer,sprinja01,PHI,Roll + Cut Big,6,SG,19,,-1.01,-0.38,-0.63,0,-1,-0.38,-0.62,0.01,0.01,0.02
Landry Shamet,shamela01,PHO,Movement Shooter,"1,437",SG,25,,-1.02,-0.85,-0.17,1.3,-1.31,-0.32,-0.99,0.96,-0.81,1.77
Nassir Little,littlna01,POR,Stationary Shooter,"1,088",SF,22,,-1.02,-1.15,0.12,1,-1.28,-1.13,-0.14,-0.23,0.69,-0.92
Kentavious Caldwell-Pope,caldwke01,WAS,Movement Shooter,"2,329",SG,29,,-1.03,-0.86,-0.16,2,-0.95,-0.49,-0.47,0.15,0.01,0.16
Gabriel Lundberg,lundbga01,PHO,Secondary Ball Handler,44,SG,27,,-1.03,-0.31,-0.72,0,-1.2,-0.43,-0.78,0,0,0
Davon Reed,reedda01,DEN,Movement Shooter,668,SG,26,,-1.04,-1.21,0.16,0.6,-0.94,-1.26,0.32,-0.14,-0.55,0.41
DeAndre Jordan,jordade01,LAL/PHI,Roll + Cut Big,622,C,33,,-1.05,-2.05,1,0.5,-0.07,-1.44,1.37,-1.34,-1.44,0.1
Evan Fournier,fournev01,NYK,Movement Shooter,"2,358",SG,29,,-1.05,-0.01,-1.04,2,-0.45,-0.07,-0.38,-1.06,-0.46,-0.61
Chris Duarte,duartch01,IND,Secondary Ball Handler,"1,541",SG,24,,-1.05,-0.55,-0.5,1.3,-1.71,-0.53,-1.17,2.19,1.23,0.96
Paul Millsap,millspa01,BRK/PHI,Stretch Big,376,PF,37,,-1.06,-0.89,-0.17,0.3,-0.64,-0.71,0.07,-0.42,-0.56,0.15
Patty Mills,millspa02,BRK,Movement Shooter,"2,346",PG,33,,-1.06,0.46,-1.53,2,-1.47,-0.06,-1.42,0.49,1.41,-0.93
Santi Aldama,aldamsa01,MEM,Stretch Big,360,PF,21,,-1.06,-0.11,-0.95,0.3,-1.67,-0.85,-0.82,1.68,1.2,0.48
Udonis Haslem,hasleud01,MIA,Roll + Cut Big,83,C,41,,-1.08,-1.03,-0.05,0.1,-0.78,-0.77,-0.01,0.2,0.14,0.07
Justin Holiday,holidju01,IND/SAC,Movement Shooter,"2,057",SF-SG,33,,-1.08,-0.94,-0.14,1.7,-1.37,-0.6,-0.77,0.95,-0.63,1.58
Troy Brown Jr.,browntr01,CHI,Athletic Finisher,"1,055",SF,22,,-1.08,-1.26,0.18,0.9,-1.53,-1.5,-0.03,-0.59,-1.12,0.53
Taurean Prince,princta02,MIN,Stationary Shooter,"1,177",PF,28,,-1.09,-0.76,-0.33,1,-1.01,-0.81,-0.2,-2.04,-1.07,-0.97
Daniel Theis,theisda01,HOU/BOS,Stretch Big,977,C,30,,-1.09,-2.01,0.92,0.8,-0.8,-1.18,0.39,-1.93,-1.98,0.05
Udoka Azubuike,azubuud01,UTA,Roll + Cut Big,195,C,22,,-1.09,-1.49,0.4,0.2,-1.09,-1.46,0.37,0.25,0.03,0.22
Kevin Knox,knoxke01,NYK/ATL,Stationary Shooter,222,SF,22,,-1.09,-0.34,-0.76,0.2,-0.78,-0.4,-0.38,-0.37,0.15,-0.53
Vlatko Cancar,cancavl01,DEN,Stretch Big,176,PF,25,,-1.1,-1.21,0.11,0.1,-1.29,-1.09,-0.19,-0.52,-0.21,-0.31
Juwan Morgan,morgaju01,TOR/BOS,Stretch Big,31,PF,24,,-1.1,-0.6,-0.5,0,-0.97,-0.58,-0.4,0,0,0
Tyler Johnson,johnsty01,PHI/SAS,Stationary Shooter,91,PG,29,,-1.11,-0.63,-0.49,0.1,-1.1,-0.66,-0.44,0,0,0
Theo Pinson,pinsoth01,DAL,Stationary Shooter,148,SF,26,,-1.11,-0.66,-0.45,0.1,-0.76,-0.54,-0.22,0,0,0
Chris Silva,silvach01,MIN/MIA,Roll + Cut Big,91,PF,25,,-1.11,-1.01,-0.09,0.1,-0.74,-0.69,-0.05,0,0,0
Alize Johnson,johnsal02,CHI/WAS/NOP,Roll + Cut Big,167,PF,25,,-1.13,-0.56,-0.57,0.1,-0.88,-0.69,-0.19,-1.44,0.07,-1.51
Carsen Edwards,edwarca01,DET,Secondary Ball Handler,79,SG,24,,-1.13,-0.58,-0.55,0.1,-0.69,-0.44,-0.24,0,0,0
Malik Fitts,fittsma01,UTA/BOS,Movement Shooter,63,PF,24,,-1.13,-0.34,-0.79,0.1,-0.74,-0.18,-0.56,-0.41,-0.25,-0.16
Josh Okogie,okogijo01,MIN,Athletic Finisher,516,SG,23,,-1.14,-2.4,1.26,0.4,-2.17,-2.19,0.02,1.73,0.26,1.47
Arnoldas Kulboka,kulboar01,CHO,Low Minute,5,SF,24,,-1.14,-0.5,-0.64,0,-1,-0.45,-0.55,-0.24,-0.04,-0.2
Saddiq Bey,beysa01,DET,Movement Shooter,"2,704",SF,23,,-1.14,0.26,-1.4,2.2,-1.64,-0.21,-1.43,-0.12,-0.11,0.01
Paris Bass,basspa01,PHO,Stretch Big,7,SF,26,,-1.15,-0.41,-0.74,0,-1.18,-0.41,-0.77,0,0,0
Talen Horton-Tucker,hortota01,LAL,Secondary Ball Handler,"1,511",SG,21,,-1.15,-1.06,-0.09,1.2,-1.65,-1.3,-0.35,0.53,-0.34,0.87
Shaq Buchanan,buchash01,MEM,Stretch Big,10,PG,25,,-1.15,-0.44,-0.71,0,-1.26,-0.54,-0.71,0,0,0
Aaron Henry,henryaa01,PHI,Low Minute,17,SF,22,,-1.15,-0.54,-0.61,0,-1.09,-0.49,-0.61,0.01,0.01,0.02
Jock Landale,landajo01,SAS,Stretch Big,589,C,26,,-1.17,-0.13,-1.04,0.5,-1.46,-0.29,-1.17,0.34,0.06,0.28
Frank Kaminsky,kaminfr01,PHO,Roll + Cut Big,181,C,29,,-1.18,-1.28,0.1,0.1,-1.07,-0.71,-0.36,-0.27,-0.9,0.63
Solomon Hill,hillso01,ATL,Athletic Finisher,139,PF,31,,-1.19,-1.51,0.32,0.1,-1.12,-1.15,0.03,-0.14,-0.76,0.62
Quentin Grimes,grimequ01,NYK,Stationary Shooter,786,SG,21,,-1.19,-1.21,0.02,0.6,-1.2,-0.87,-0.33,0.24,0.32,-0.09
Jahmi'us Ramsey,ramseja01,SAC,Secondary Ball Handler,134,SG,20,,-1.19,-0.54,-0.65,0.1,-1.21,-0.73,-0.48,0.13,0.7,-0.57
Luka Garza,garzalu01,DET,Stretch Big,389,C,23,,-1.19,-0.04,-1.15,0.3,-1.36,-0.06,-1.3,-0.45,-0.58,0.13
M.J. Walker,walkemj01,PHO,Movement Shooter,8,SG,24,,-1.19,-0.41,-0.78,0,-1.19,-0.43,-0.76,0,0,0
Malcolm Hill,hillma01,ATL/CHI,Stationary Shooter,212,SF-SG,26,,-1.2,-0.93,-0.28,0.2,-1.03,-0.77,-0.26,0,0,0
Ed Davis,davised01,CLE,Roll + Cut Big,201,C,32,,-1.21,-2.3,1.09,0.2,-1.2,-2.24,1.04,-0.69,-0.57,-0.11
Tyrell Terry,terryty01,MEM,Secondary Ball Handler,3,PG,21,,-1.21,-0.48,-0.73,0,-1.24,-0.53,-0.71,0,0,0
Justin Jackson,jacksju01,BOS/PHO,Stationary Shooter,36,SF,27,,-1.22,-0.62,-0.6,0,-1.26,-0.48,-0.78,0,0,0
Daishen Nix,nixda01,HOU,Secondary Ball Handler,261,SG,20,,-1.22,-0.96,-0.26,0.2,-1.2,-1.01,-0.2,-0.08,-0.07,-0.02
Trevor Ariza,arizatr01,LAL,Stationary Shooter,462,SF,36,,-1.23,-1.14,-0.09,0.3,-1.13,-1.43,0.29,0,0,0
Rodney McGruder,mcgruro01,DET,Stationary Shooter,754,SG,30,,-1.23,-0.91,-0.32,0.6,-2.11,-1.28,-0.83,0.71,0.05,0.67
Hamidou Diallo,diallha01,DET,Athletic Finisher,"1,269",SG,23,,-1.23,-1.81,0.59,0.9,-0.99,-1.22,0.23,0.3,-0.38,0.67
Jaden McDaniels,mcdanja02,MIN,Athletic Finisher,"1,803",PF,21,,-1.23,-2.06,0.83,1.3,-1.74,-1.79,0.04,0.15,-1.1,1.25
Sam Hauser,hausesa01,BOS,Movement Shooter,158,SF,24,,-1.23,-0.49,-0.74,0.1,-1.23,-0.43,-0.79,-0.12,-0.19,0.06
Isaac Bonga,bongais01,TOR,Stretch Big,69,SF,22,,-1.24,-0.98,-0.26,0.1,-1.13,-0.91,-0.22,-0.13,-0.28,0.15
DaQuan Jeffries,jeffrda01,MEM,Stretch Big,9,SG,24,,-1.24,-0.52,-0.72,0,-1.26,-0.56,-0.7,0,0,0
Payton Pritchard,pritcpa01,BOS,Secondary Ball Handler,"1,001",SG,24,,-1.24,-0.05,-1.2,0.7,-0.31,0.78,-1.09,-1.6,-1.22,-0.38
Zavier Simpson,simpsza01,OKC,Shot Creator,174,PG,25,,-1.24,-1.21,-0.03,0.1,-0.5,-1.05,0.55,0,0,0
Sam Merrill,merrisa01,MEM,Movement Shooter,58,SG,25,,-1.25,-0.5,-0.75,0,-1.38,-0.52,-0.85,0.3,0.06,0.23
Khem Birch,birchkh01,TOR,Roll + Cut Big,991,C,29,,-1.26,-0.84,-0.42,0.7,-1.41,-1.55,0.14,0.79,0.84,-0.06
Corey Kispert,kispeco01,WAS,Movement Shooter,"1,801",SF,23,,-1.26,0.28,-1.55,1.3,-2.16,-1.06,-1.1,-0.21,0.62,-0.84
Alex Len,lenal01,SAC,Roll + Cut Big,620,C,28,,-1.27,-1.99,0.72,0.4,-1.42,-1.94,0.52,-0.39,-0.42,0.03
Jonathan Kuminga,kuminjo01,GSW,Stretch Big,"1,185",SF,19,,-1.28,-0.49,-0.79,0.8,-0.06,-0.08,0.02,0.7,0.14,0.56
Jon Teske,teskejo01,MEM,Roll + Cut Big,8,C,24,,-1.28,-0.55,-0.73,0,-1.25,-0.56,-0.7,0,0,0
Jalen Suggs,suggsja01,ORL,Primary Ball Handler,"1,307",PG,20,,-1.28,-2.2,0.91,0.9,-1.62,-1.77,0.15,-0.52,-0.7,0.18
Eric Bledsoe,bledser01,LAC,Primary Ball Handler,"1,361",PG,32,,-1.29,-1.48,0.19,0.9,-0.63,-0.86,0.23,-2.53,-1.62,-0.91
Stanley Johnson,johnsst04,LAL,Athletic Finisher,"1,094",PF,25,,-1.3,-0.64,-0.66,0.8,-1.45,-1.65,0.2,0,0,0
Luguentz Dort,dortlu01,OKC,Stationary Shooter,"1,665",SF,22,,-1.31,-1.2,-0.11,1.1,-1.53,-0.86,-0.66,-0.38,-0.77,0.39
Olivier Sarr,sarrol01,OKC,Stretch Big,421,C,23,,-1.31,-2.19,0.87,0.3,-1.98,-2.25,0.28,0,0,0
Chandler Hutchison,hutchch01,PHO,Roll + Cut Big,22,SF,25,,-1.33,-0.6,-0.72,0,-1.31,-0.59,-0.72,-0.03,-0.16,0.13
Nickeil Alexander-Walker,alexani01,NOP/UTA,Secondary Ball Handler,"1,466",SG,23,,-1.33,-0.73,-0.6,1,-1.32,-0.41,-0.91,-0.26,0.46,-0.73
PJ Dozier,doziepj01,DEN,Movement Shooter,340,SG,25,,-1.34,-1.45,0.11,0.2,-1.12,-1.09,-0.03,-0.28,-0.46,0.18
Ryan Arcidiacono,arcidry01,NYK,Movement Shooter,76,PG,28,,-1.35,-1.09,-0.26,0.1,-1.02,-0.83,-0.19,0,0,0
Danny Green,greenda02,PHI,Stationary Shooter,"1,353",SF,34,,-1.37,-2.14,0.77,0.9,-1.34,-1.68,0.34,1.95,0.17,1.78
Danuel House Jr.,houseda01,HOU/NYK/UTA,Stationary Shooter,727,SF,28,,-1.37,-1.13,-0.24,0.5,-0.6,-0.66,0.06,-2.65,-1.18,-1.47
Dakota Mathias,mathida01,MEM,Off Screen Shooter,16,SG,26,,-1.37,-0.63,-0.74,0,-1.27,-0.55,-0.72,0,0,0
Malachi Flynn,flynnma01,TOR,Shot Creator,537,PG,23,,-1.38,-0.31,-1.07,0.3,-1,-0.52,-0.48,-1.32,-0.42,-0.9
Jabari Parker,parkeja01,BOS,Stretch Big,112,PF,27,,-1.39,-0.65,-0.74,0.1,-1.23,-0.63,-0.59,-0.24,0.51,-0.75
Wes Iwundu,iwundwe01,ATL,Athletic Finisher,82,SF,27,,-1.4,-0.88,-0.52,0.1,-1.06,-0.88,-0.18,0,0,0
Taj Gibson,gibsota01,NYK,Roll + Cut Big,946,C,36,,-1.41,-2.39,0.98,0.6,-1.42,-2.47,1.05,-1.16,-1.45,0.29
Marquese Chriss,chrisma01,DAL,Roll + Cut Big,346,PF,24,,-1.41,-1.78,0.37,0.2,-0.25,-0.97,0.71,0,0,0
Dalano Banton,bantoda01,TOR,Athletic Finisher,696,SF,22,,-1.41,-1.62,0.21,0.4,-1.9,-1.86,-0.04,0.18,0.15,0.02
Jamorko Pickett,pickeja01,DET,Stretch Big,176,PF,24,,-1.41,-1.06,-0.35,0.1,-1.28,-1.31,0.03,0.14,-0.11,0.25
Trent Forrest,forretr01,UTA,Slasher,765,PG,23,,-1.42,-1.01,-0.41,0.5,-1.39,-1.26,-0.12,0.24,-0.1,0.34
Drew Eubanks,eubandr01,SAS/POR,Roll + Cut Big,"1,245",C,25,,-1.43,-1.34,-0.09,0.8,-0.49,-0.82,0.33,-0.77,-1.34,0.58
Jericho Sims,simsje01,NYK,Roll + Cut Big,555,PF,23,,-1.43,-2.76,1.32,0.3,-1.64,-2.9,1.26,0.23,-0.11,0.35
Kevin Pangos,pangoke01,CLE,Secondary Ball Handler,166,PG,29,,-1.43,-0.73,-0.7,0.1,-1.2,-0.71,-0.5,-1.21,-0.77,-0.45
Ty Jerome,jeromty01,OKC,Secondary Ball Handler,801,SG,24,,-1.44,-0.99,-0.45,0.5,-1.35,-0.47,-0.87,-0.27,-0.63,0.36
Rajon Rondo,rondora01,LAL/CLE,Secondary Ball Handler,698,PG,36,,-1.45,-1.48,0.04,0.4,-0.62,-0.67,0.05,-0.11,-0.72,0.6
Anfernee Simons,simonan01,POR,Shot Creator,"1,681",SG,22,,-1.45,0.86,-2.31,1,-2.45,0.48,-2.93,0.72,0.5,0.22
Jalen McDaniels,mcdanja01,CHO,Stationary Shooter,895,SF,24,,-1.45,-1.46,0.01,0.5,-1.45,-1.34,-0.11,-0.77,-0.28,-0.49
Jalen Johnson,johnsja05,ATL,Stretch Big,120,PF,20,,-1.45,-1.27,-0.17,0.1,-1.11,-1.03,-0.08,0.01,-0.11,0.11
Paul Watson,watsopa01,OKC,Stationary Shooter,156,SF,27,,-1.47,-1.33,-0.14,0.1,-1.07,-1.36,0.29,-0.97,-0.1,-0.87
Lou Williams,willilo02,ATL,Secondary Ball Handler,799,PG,35,,-1.48,-0.31,-1.17,0.5,-1.31,-0.31,-0.99,-0.16,-0.27,0.12
Keita Bates-Diop,bateske01,SAS,Roll + Cut Big,957,SF,26,,-1.49,-1.82,0.33,0.5,-2.05,-1.87,-0.18,2.93,1.06,1.87
Raul Neto,netora01,WAS,Slasher,"1,372",PG,29,,-1.5,-0.8,-0.7,0.8,-1.36,-0.84,-0.52,0.6,0.35,0.25
James Johnson,johnsja01,BRK,Stretch Big,"1,191",PF,35,,-1.51,-1.21,-0.29,0.7,-1.36,-1.67,0.31,0.19,0.19,0.01
Maurice Harkless,harklma01,SAC,Stationary Shooter,863,SF,28,,-1.51,-2.32,0.81,0.5,-2.37,-2.9,0.53,0.15,0.07,0.07
Mamadi Diakite,diakima01,OKC,Roll + Cut Big,188,PF,25,,-1.51,-2.27,0.77,0.1,-0.93,-1.81,0.88,0,0,0
Lance Stephenson,stephla01,ATL/IND,Secondary Ball Handler,814,SG-SF,31,,-1.52,0.03,-1.55,0.5,-0.88,-0.05,-0.82,0,0,0
Sterling Brown,brownst02,DAL,Stationary Shooter,628,SG,27,,-1.52,-1.94,0.41,0.3,-1.54,-1.83,0.28,-0.65,-0.58,-0.07
Gabe Vincent,vincega01,MIA,Primary Ball Handler,"1,589",PG,25,,-1.52,-1.64,0.12,0.9,-0.7,-0.65,-0.05,0.77,-0.56,1.34
Justin Champagnie,champju01,TOR,Stretch Big,281,SF,20,,-1.52,-0.76,-0.76,0.2,-1.88,-1.3,-0.58,0.22,-0.14,0.36
Damion Lee,leeda03,GSW,Movement Shooter,"1,256",SG,29,,-1.54,-0.89,-0.65,0.7,-0.88,-0.97,0.08,0.01,0.3,-0.29
Kai Jones,joneska01,CHO,Roll + Cut Big,63,C,21,,-1.54,-0.96,-0.58,0,-1.38,-0.9,-0.48,-0.4,-0.23,-0.17
Tim Frazier,fraziti01,ORL/CLE,Secondary Ball Handler,208,PG,31,,-1.55,-1.52,-0.03,0.1,-1.28,-1.31,0.03,0,0,0
Mychal Mulder,muldemy01,ORL/MIA,Movement Shooter,240,PG,27,,-1.55,-1.27,-0.28,0.1,-1.45,-1.27,-0.18,-0.59,-0.27,-0.32
Myles Powell,powelmy01,PHI,Secondary Ball Handler,52,PG,24,,-1.55,-0.75,-0.8,0,-1.37,-0.7,-0.66,0,0,0
Joe Wieskamp,wieskjo01,SAS,Movement Shooter,205,SG,22,,-1.55,-0.98,-0.57,0.1,-2.01,-1.33,-0.68,0.08,0.15,-0.06
Emanuel Terry,terryem01,PHO,Roll + Cut Big,18,PF,25,,-1.57,-0.67,-0.9,0,-1.24,-0.48,-0.77,0,0,0
Bryn Forbes,forbebr01,SAS/DEN,Off Screen Shooter,"1,286",SG,28,,-1.58,-0.33,-1.25,0.7,-2.16,-0.38,-1.78,1.01,0.59,0.42
Willie Cauley-Stein,caulewi01,DAL/PHI,Roll + Cut Big,183,C,28,,-1.59,-1.78,0.19,0.1,-1.78,-1.67,-0.11,0.27,-0.19,0.46
Lindell Wigginton,wiggili01,MIL,Secondary Ball Handler,199,PG,24,,-1.59,-0.63,-0.96,0.1,-1.11,-0.79,-0.33,0,0,0
Reggie Perry,perryre01,POR/IND,Roll + Cut Big,187,PF,22,,-1.6,-0.98,-0.61,0.1,-0.81,-0.8,-0.02,0,0,0
De'Andre Hunter,huntede01,ATL,Stationary Shooter,"1,577",SF,24,,-1.6,-1.77,0.17,0.8,-1.24,-0.9,-0.34,-1.35,-0.77,-0.59
Kenyon Martin Jr.,martike04,HOU,Stretch Big,"1,656",SF,21,,-1.61,0.28,-1.88,0.8,-1.98,-0.94,-1.05,0.92,1.66,-0.74
Matt Thomas,thomama02,CHI,Movement Shooter,459,SG,27,,-1.62,-0.62,-1,0.2,-1.79,-0.96,-0.83,-0.64,-0.43,-0.21
Serge Ibaka,ibakase01,LAC/MIL,Stretch Big,878,C-PF,32,,-1.63,-1.82,0.19,0.4,-0.7,-1.18,0.48,-1.45,-0.51,-0.94
Kris Dunn,dunnkr01,POR,Secondary Ball Handler,336,PG,28,,-1.63,-1.02,-0.61,0.2,-1.18,-1.37,0.19,0,0,0
Jae'Sean Tate,tateja01,HOU,Stretch Big,"2,056",SF,26,,-1.63,-1.25,-0.38,1,-1.39,-0.81,-0.57,-1.72,-1.24,-0.48
Brad Wanamaker,wanambr01,IND/WAS,Secondary Ball Handler,320,PG,32,,-1.67,-1.61,-0.06,0.1,-1.77,-1.54,-0.23,-0.2,-0.41,0.21
Kessler Edwards,edwarke02,BRK,Stretch Big,987,SF,21,,-1.67,-1.6,-0.06,0.4,-2.26,-2.19,-0.06,0.07,0.06,0.02
Nick Richards,richani01,CHO,Roll + Cut Big,367,C,24,,-1.68,-2.42,0.74,0.2,-1.67,-2.1,0.43,0.35,-0.44,0.8
Jake Layman,laymaja01,MIN,Athletic Finisher,231,SF,28,,-1.69,-1.34,-0.35,0.1,-1.9,-1.44,-0.46,0.1,0.11,0.01
Dennis Schroder,schrode01,BOS/HOU,Stationary Shooter,"1,837",SG-PG,28,,-1.71,-1.18,-0.54,0.8,-0.47,0.14,-0.61,-0.13,-0.12,0.01
Norman Powell,powelno01,POR/LAC,Stationary Shooter,"1,458",SF-SG,28,,-1.71,0.29,-2,0.6,-1.07,0,-1.07,0.47,1.25,-0.78
Alperen Sengun,sengual01,HOU,Post Scorer,"1,489",C,19,,-1.71,-1.04,-0.67,0.6,-0.62,-0.68,0.06,-2.2,-0.09,-2.11
Killian Tillie,tilliki02,MEM,Stretch Big,461,C,24,,-1.72,-1.79,0.07,0.2,-1.89,-2,0.11,0.64,0.67,-0.02
Facundo Campazzo,campafa01,DEN,Secondary Ball Handler,"1,184",PG,31,,-1.72,-1.77,0.05,0.5,0.23,-0.27,0.49,-4.09,-1.95,-2.13
Javonte Smart,smartja01,MIL/MIA,Secondary Ball Handler,200,PG,22,,-1.72,-1.34,-0.39,0.1,-1.27,-1.01,-0.26,0.84,0.38,0.46
Josh Green,greenjo02,DAL,Athletic Finisher,"1,039",SG,21,,-1.73,-2.06,0.33,0.4,-1.59,-1.89,0.29,1.43,0.34,1.09
Aaron Nesmith,nesmiaa01,BOS,Stationary Shooter,574,SF,22,,-1.77,-1.51,-0.26,0.2,-2.27,-1.74,-0.52,-1.44,-0.91,-0.52
Wesley Matthews,matthwe02,MIL,Stationary Shooter,"1,002",SG,35,,-1.78,-1.29,-0.48,0.4,-2.54,-1.92,-0.62,0.99,0.55,0.44
Furkan Korkmaz,korkmfu01,PHI,Movement Shooter,"1,414",SG,24,,-1.78,-0.62,-1.16,0.5,-1.56,-0.53,-1.03,-1.19,-0.75,-0.44
Haywood Highsmith,highsha01,MIA,Stretch Big,163,SF,25,,-1.8,-1.2,-0.6,0.1,-1.33,-1,-0.33,0,0,0
Eric Paschall,pascher01,UTA,Stationary Shooter,737,PF,25,,-1.8,-0.1,-1.71,0.3,-1.17,0.09,-1.26,-0.54,-0.43,-0.11
Ish Wainright,wainris01,PHO,Athletic Finisher,359,PF,27,,-1.8,-1.43,-0.37,0.1,-2.45,-1.88,-0.57,0.12,0.01,0.13
Grant Williams,willigr01,BOS,Stationary Shooter,"1,875",PF,23,,-1.81,-1.82,0.01,0.7,-0.71,-1.44,0.73,-1.04,-1.13,0.09
Ayo Dosunmu,dosunay01,CHI,Primary Ball Handler,"2,110",SG,22,,-1.81,-1.39,-0.42,0.8,-1.88,-1.55,-0.33,-0.68,-0.85,0.18
Marcus Morris,morrima03,LAC,Shot Creator,"1,564",PF,32,,-1.82,-0.44,-1.38,0.6,-0.28,0.01,-0.3,-0.55,-0.07,-0.49
Patrick Williams,willipa01,CHI,Stationary Shooter,422,PF,20,,-1.83,-1.62,-0.21,0.1,-1.64,-1.72,0.08,-0.45,-0.63,0.17
Cassius Stanley,stanlca01,DET,Athletic Finisher,155,SG,22,,-1.83,-1.44,-0.39,0.1,-1.56,-1.41,-0.15,0,0,0
Svi Mykhailiuk,mykhasv01,TOR,Movement Shooter,716,SF,24,,-1.84,-1.31,-0.53,0.2,-2.11,-1.36,-0.75,-0.77,-0.38,-0.39
Kevin Porter Jr.,porteke02,HOU,Primary Ball Handler,"1,907",PG,21,,-1.85,-0.92,-0.93,0.6,-0.89,0.23,-1.13,-1.07,-1.22,0.14
Josh Giddey,giddejo01,OKC,Primary Ball Handler,"1,700",SG,19,,-1.85,-2.02,0.17,0.6,-1.33,-1.22,-0.12,-4.06,-3.27,-0.79
Donte DiVincenzo,divindo01,MIL/SAC,Secondary Ball Handler,"1,005",SG,25,,-1.86,-0.96,-0.9,0.3,-0.89,-0.42,-0.46,0,0,0
Denzel Valentine,valende01,CLE/UTA,Stationary Shooter,222,SG,28,,-1.87,-1.46,-0.41,0.1,-1.61,-1.17,-0.44,-1.06,-1.14,0.08
Tomas Satoransky,satorto01,NOP/SAS/WAS,Secondary Ball Handler,906,SG,30,,-1.88,-1.69,-0.19,0.3,-0.93,-1.02,0.09,-1.03,-1.4,0.37
Cedi Osman,osmande01,CLE,Movement Shooter,"1,462",SF,27,,-1.88,-0.36,-1.51,0.5,-0.39,0.26,-0.65,-1.59,0.08,-1.67
Kyle Guy,guyky01,MIA,Movement Shooter,186,SG,24,,-1.88,-1.39,-0.49,0.1,-1.3,-0.82,-0.49,0,0,0
Killian Hayes,hayeski01,DET,Primary Ball Handler,"1,647",PG,20,,-1.9,-2.51,0.61,0.5,-2.23,-2.52,0.29,-2.19,-1.77,-0.42
Timothe Luwawu-Cabarrot,luwawti01,ATL,Stationary Shooter,685,SF,26,,-1.91,-1.74,-0.17,0.2,-1.71,-1.24,-0.48,-0.72,-0.82,0.1
Charlie Brown Jr.,brownch02,DAL/PHI,Stretch Big,178,SG,25,,-1.91,-1.58,-0.33,0.1,-1.92,-1.39,-0.53,0,0,0
Kent Bazemore,bazemke01,LAL,Stationary Shooter,545,SF,32,,-1.92,-2.88,0.96,0.2,-1.99,-2.23,0.24,-0.46,-1.18,0.72
DeAndre' Bembry,bembrde01,BRK/MIL,Roll + Cut Big,"1,026",SF,27,,-1.92,-1.69,-0.22,0.3,-1.14,-1.9,0.76,-1.39,-0.2,-1.19
Melvin Frazier,frazime01,OKC,Slasher,120,SG,25,,-1.93,-1.07,-0.86,0,-1.25,-0.93,-0.32,0,0,0
Brandon Boston Jr.,bostobr01,LAC,Secondary Ball Handler,760,SG,20,,-1.93,-1.49,-0.44,0.2,-1.38,-0.95,-0.43,-1.25,-0.99,-0.26
Gary Harris,harriga01,ORL,Stationary Shooter,"1,730",SG,27,,-1.96,-1.54,-0.42,0.5,-2.75,-1.77,-0.98,-0.4,-0.34,-0.05
Eric Gordon,gordoer01,HOU,Secondary Ball Handler,"1,670",SG,33,,-1.98,-0.33,-1.65,0.4,-2.68,-0.82,-1.87,-1.27,-0.74,-0.53
Tyler Cook,cookty01,CHI,Roll + Cut Big,200,PF,24,,-1.98,-1.68,-0.29,0.1,-1.29,-1.51,0.22,-0.61,-0.05,-0.56
Carmelo Anthony,anthoca01,LAL,Versatile Big,"1,793",PF,37,,-2,-0.3,-1.7,0.4,-0.76,-0.06,-0.7,-1.85,0.13,-1.99
Jevon Carter,carteje01,BRK/MIL,Secondary Ball Handler,905,PG,26,,-2.01,-1.13,-0.88,0.2,-1.72,-1.28,-0.44,-1.8,-1.24,-0.56
Yves Pons,ponsyv01,MEM,Stretch Big,71,SF,22,,-2.01,-1.05,-0.96,0,-1.64,-1.02,-0.62,-0.08,-0.02,-0.06
Dylan Windler,windldy01,CLE,Stationary Shooter,459,SF,25,,-2.03,-2.13,0.1,0.1,-1.45,-1.56,0.11,-2,-1.4,-0.59
Theo Maledon,maledth01,OKC,Stationary Shooter,908,PG,20,,-2.03,-1.41,-0.62,0.2,-1.54,-1.21,-0.33,-0.48,-0.67,0.19
Ish Smith,smithis01,CHO/WAS,Slasher,"1,126",PG,33,,-2.05,-1.45,-0.6,0.2,-1.17,-1.02,-0.16,-1.22,-1.07,-0.16
Lamar Stevens,stevela01,CLE,Athletic Finisher,"1,015",PF,24,,-2.05,-2.22,0.17,0.2,-1.86,-1.95,0.1,0.03,0.06,-0.03
Moses Moody,moodymo01,GSW,Stationary Shooter,607,SG,19,,-2.05,-1.3,-0.75,0.1,-1.52,-0.88,-0.63,0.17,-0.54,0.71
Collin Sexton,sextoco01,CLE,Slasher,316,SG,23,,-2.06,-1.24,-0.82,0.1,-1.65,-0.62,-1.03,-1.26,-1.24,-0.02
Georges Niang,niangge01,PHI,Stationary Shooter,"1,736",PF,28,,-2.07,-0.97,-1.1,0.3,-1.99,-0.93,-1.06,0.44,0.31,0.13
Zeke Nnaji,nnajize01,DEN,Stretch Big,698,PF,21,,-2.08,-1.58,-0.5,0.1,-1.36,-1.02,-0.34,-1.13,-0.2,-0.93
Darius Bazley,bazleda01,OKC,Stationary Shooter,"1,924",PF,21,,-2.09,-2.11,0.03,0.4,-1.29,-2.01,0.72,-0.99,-0.77,-0.21
Jeremiah Robinson-Earl,robinje02,OKC,Stretch Big,"1,087",C,21,,-2.1,-1.97,-0.13,0.2,-1.43,-1.58,0.15,-2.47,-1.58,-0.89
Sandro Mamukelashvili,mamuksa01,MIL,Stretch Big,407,PF,22,,-2.11,-1.04,-1.08,0.1,-1.22,-0.69,-0.54,-1.06,-0.46,-0.61
Isaiah Livers,liveris01,DET,Stationary Shooter,383,SF,23,,-2.11,-1.33,-0.78,0.1,-1.78,-1.82,0.03,0,0,0
Lonnie Walker IV,walkelo01,SAS,Secondary Ball Handler,"1,612",SG,23,,-2.12,-0.28,-1.85,0.3,-1.39,-0.14,-1.25,-0.26,-0.07,-0.19
JT Thor,thorjt01,CHO,Athletic Finisher,262,PF,19,,-2.12,-1.63,-0.49,0,-1.53,-1.72,0.2,0.04,0.47,-0.43
Robin Lopez,lopezro01,ORL,Post Scorer,612,C,34,,-2.14,-1.44,-0.7,0.1,-2.54,-1.63,-0.91,0.19,0.13,0.07
Wayne Ellington,ellinwa01,LAL,Movement Shooter,810,SG,34,,-2.14,-1.36,-0.78,0.1,-1.87,-0.8,-1.06,-0.97,-0.3,-0.67
Trey Burke,burketr01,DAL,Secondary Ball Handler,441,PG,29,,-2.15,-0.94,-1.21,0.1,-2.1,-0.52,-1.57,0.32,-0.84,1.16
Josh Jackson,jacksjo02,DET/SAC,Stationary Shooter,830,SF,25,,-2.15,-1.84,-0.31,0.1,-1.45,-1.48,0.04,-1.6,-0.36,-1.24
Davion Mitchell,mitchda01,SAC,Primary Ball Handler,"2,076",PG,23,,-2.15,-1.46,-0.69,0.3,-2.87,-1.06,-1.81,0.96,-0.06,1.02
Duane Washington Jr.,washidu02,IND,Movement Shooter,968,PG,22,,-2.15,-0.26,-1.9,0.1,-2.37,-0.51,-1.86,-0.41,-0.12,-0.29
Jordan Nwora,nworajo01,MIL,Stationary Shooter,"1,185",SF,23,,-2.17,-1.07,-1.1,0.2,-1.56,-1.07,-0.49,-1.91,-1.1,-0.8
Georgios Kalaitzakis,kalaige01,MIL/OKC,Secondary Ball Handler,213,SF,23,,-2.17,-1.43,-0.74,0,-0.89,-0.96,0.07,-2.22,-0.9,-1.32
Torrey Craig,craigto01,IND/PHO,Athletic Finisher,"1,596",SF,31,,-2.18,-1.52,-0.65,0.2,-1.88,-1.52,-0.35,-0.56,-0.19,-0.37
Isaiah Joe,joeis01,PHI,Movement Shooter,609,SG,22,,-2.2,-1.1,-1.1,0.1,-2.43,-1.18,-1.25,-0.7,-0.12,-0.58
Jarrett Culver,culveja01,MEM,Secondary Ball Handler,338,SG,23,,-2.21,-1.23,-0.98,0,-2.13,-1.57,-0.56,1.11,0.95,0.16
Rui Hachimura,hachiru01,WAS,Stationary Shooter,943,PF,24,,-2.22,-0.87,-1.35,0.1,-1.11,-0.46,-0.64,0,0,0
Cory Joseph,josepco01,DET,Primary Ball Handler,"1,600",PG,30,,-2.23,-1.86,-0.36,0.2,-2.51,-1.94,-0.57,-0.65,-0.42,-0.23
Elfrid Payton,paytoel01,PHO,Slasher,549,PG,28,,-2.23,-2.14,-0.1,0.1,-2.44,-2.11,-0.34,-0.51,0.12,-0.62
Kelan Martin,martike03,IND/BOS,Stationary Shooter,450,SF,26,,-2.26,-0.84,-1.42,0,-1.82,-0.94,-0.88,-1.51,0.65,-2.16
Didi Louzada,louzama01,NOP/POR,Movement Shooter,129,SG-SF,22,,-2.27,-1.87,-0.4,0,-1.4,-1.18,-0.21,0.09,0.25,-0.16
Doug McDermott,mcderdo01,SAS,Movement Shooter,"1,223",PF,30,,-2.3,-0.43,-1.87,0.1,-1.99,-0.72,-1.27,0.35,0.83,-0.48
Markieff Morris,morrima02,MIA,Versatile Big,298,PF,32,,-2.31,-1.11,-1.2,0,-1.93,-0.89,-1.04,-0.62,-0.05,-0.57
Leandro Bolmaro,bolmale01,MIN,Secondary Ball Handler,241,SF,21,,-2.31,-1.8,-0.51,0,-2.68,-1.89,-0.8,0.93,0.68,0.24
Skylar Mays,mayssk01,ATL,Stationary Shooter,220,SG,24,,-2.33,-1.29,-1.04,0,-1.72,-1.21,-0.51,0.01,-0.11,0.11
Abdel Nader,naderab01,PHO,Movement Shooter,145,SF,28,,-2.35,-2.27,-0.08,0,-2.01,-1.66,-0.34,-1.17,-1.39,0.22
Frank Jackson,jacksfr01,DET,Movement Shooter,"1,164",PG,23,,-2.35,-0.79,-1.56,0,-2.61,-0.83,-1.77,-1.03,-1.27,0.25
Trendon Watford,watfotr01,POR,Roll + Cut Big,869,SF,21,,-2.35,-1.78,-0.57,0,-1.24,-1.26,0.02,-0.64,-0.29,-0.34
Brandon Williams,willibr03,POR,Secondary Ball Handler,640,PG,22,,-2.37,-0.71,-1.67,0,-1.59,-0.57,-1.03,0,0,0
Rodney Hood,hoodro01,MIL/LAC,Stationary Shooter,709,SF-SG,29,,-2.38,-1.82,-0.56,0,-1.99,-1.54,-0.44,-1.79,-0.49,-1.3
Thanasis Antetokounmpo,antetth01,MIL,Roll + Cut Big,473,SF,29,,-2.39,-1.86,-0.52,0,-1.56,-1.72,0.16,-1.87,-1.19,-0.68
Ignas Brazdeikis,brazdig01,ORL,Movement Shooter,536,SF,23,,-2.41,-1.13,-1.29,0,-2.04,-1.11,-0.93,-1.56,-0.91,-0.65
Cam Thomas,thomaca02,BRK,Secondary Ball Handler,"1,176",SG,20,,-2.42,-0.42,-1.99,0,-1.75,-0.67,-1.09,-0.81,0.12,-0.93
Tony Snell,snellto01,POR/NOP,Stationary Shooter,822,SG,30,,-2.43,-2.17,-0.26,0,-2.89,-2.55,-0.34,-0.91,-1.15,0.24
Vit Krejci,krejcvi01,OKC,Stationary Shooter,690,SG,21,,-2.44,-1.76,-0.68,0,-2.33,-2.34,0.01,-0.02,-0.05,0.04
Greg Brown III,browngr01,POR,Stretch Big,640,SF,20,,-2.47,-2.29,-0.18,0,-1.72,-2.16,0.44,-1.04,-0.56,-0.49
James Bouknight,bouknja01,CHO,Secondary Ball Handler,304,SG,21,,-2.5,-0.52,-1.99,0,-2.44,-0.7,-1.74,-0.51,0.4,-0.91
Justin Robinson,robinju01,MIL/SAC/DET,Secondary Ball Handler,304,PG,24,,-2.54,-1.74,-0.8,0,-1.33,-0.85,-0.48,-1.59,-1.18,-0.41
Austin Rivers,riverau01,DEN,Stationary Shooter,"1,480",SG,29,,-2.56,-1.03,-1.53,-0.2,-2.2,-1.72,-0.49,-1.05,0.69,-1.74
Joe Harris,harrijo01,BRK,Movement Shooter,423,SF,30,,-2.57,-2.5,-0.06,-0.1,-1.88,-1.39,-0.48,-1.73,-1.87,0.14
Kira Lewis Jr.,lewiski01,NOP,Secondary Ball Handler,341,PG,21,,-2.65,-1.61,-1.04,-0.1,-1.92,-0.79,-1.13,-1.44,-1.2,-0.24
Alfonzo McKinnie,mckinal01,CHI,Athletic Finisher,206,SF,29,,-2.66,-1.65,-1.01,0,-2.02,-1.53,-0.48,-0.99,-0.53,-0.46
CJ Elleby,ellebcj01,POR,Athletic Finisher,"1,174",SF,21,,-2.7,-1.96,-0.75,-0.2,-2.83,-2.26,-0.57,-0.71,-0.63,-0.08
Chris Chiozza,chiozch01,GSW,Secondary Ball Handler,372,PG,26,,-2.72,-2.05,-0.67,-0.1,-2.54,-1.76,-0.78,-0.56,-0.55,0.01
Ziaire Williams,willizi02,MEM,Stationary Shooter,"1,346",SF,20,,-2.77,-1.33,-1.44,-0.3,-2.17,-1.4,-0.77,-2.11,-0.76,-1.36
Admiral Schofield,schofad01,ORL,Stationary Shooter,469,SF,25,,-2.8,-2.43,-0.38,-0.1,-2.29,-2.16,-0.13,0,0,0
Aaron Wiggins,wiggiaa01,OKC,Athletic Finisher,"1,209",SG,23,,-2.94,-1.99,-0.94,-0.4,-2.79,-2.32,-0.48,0.39,0.35,0.04
Josh Christopher,chrisjo01,HOU,Secondary Ball Handler,"1,334",SG,20,,-3.02,-0.77,-2.25,-0.5,-2.26,-1.1,-1.15,0.42,0.98,-0.57
Semi Ojeleye,ojelese01,MIL/LAC,Stretch Big,406,PF,27,,-3.04,-1.88,-1.16,-0.2,-1.74,-1.31,-0.43,-2.09,-0.98,-1.12
Joshua Primo,primojo01,SAS,Stationary Shooter,965,SG,19,,-3.04,-2.17,-0.87,-0.4,-2.83,-2.16,-0.67,-0.04,0.21,-0.25
Keifer Sykes,sykeske01,IND,Secondary Ball Handler,566,PG,28,,-3.05,-1.77,-1.28,-0.2,-3.02,-1.71,-1.31,0,0,0
Elijah Hughes,hugheel01,UTA/POR,Stationary Shooter,434,SG-SF,24,,-3.23,-1.71,-1.52,-0.2,-1.7,-1.37,-0.33,-0.77,-0.25,-0.52
Jalen Green,greenja05,HOU,Secondary Ball Handler,"2,138",SG,20,,-3.26,-1.22,-2.04,-1.2,-2.21,-0.18,-2.03,-2.99,-2.37,-0.62
Ben McLemore,mclembe01,POR,Off Screen Shooter,"1,285",SG,29,,-3.28,-0.75,-2.53,-0.7,-2.42,-0.22,-2.19,-0.64,-1.06,0.41
D.J. Augustin,augusdj01,HOU/LAL,Secondary Ball Handler,883,PG,34,,-3.41,-1.03,-2.39,-0.6,-2.34,-1.09,-1.26,-1.06,0.87,-1.94
Garrett Temple,templga01,NOP,Stationary Shooter,"1,098",SG,35,,-3.47,-2.68,-0.8,-0.8,-1.38,-1.65,0.27,-4.6,-2.39,-2.21
Keon Johnson,johnske07,LAC/POR,Secondary Ball Handler,696,SG,20,,-3.7,-1.59,-2.11,-0.6,-2.26,-1.46,-0.8,0.6,0.55,0.05
Cam Reddish,reddica01,ATL/NYK,Movement Shooter,"1,012",SF,22,,-3.83,-1.69,-2.14,-0.9,-1.13,-0.32,-0.82,-2.99,-1.05,-1.94
Avery Bradley,bradlav01,LAL,Stationary Shooter,"1,406",SG,31,,-4,-3.55,-0.44,-1.4,-2.55,-2.14,-0.41,-2.48,-2.2,-0.28
R.J. Hampton,hamptrj01,ORL,Secondary Ball Handler,"1,402",SG,21,,-4.17,-3.36,-0.81,-1.6,-2.75,-2.4,-0.35,-2.33,-2.79,0.46
Tre Mann,manntr01,OKC,Secondary Ball Handler,"1,367",PG,21,,-4.2,-2.26,-1.94,-1.6,-2.75,-1.93,-0.82,-1.27,-0.68,-0.59
Keljin Blevins,blevike01,POR,Movement Shooter,349,SF,26,,-4.41,-2.19,-2.22,-0.4,-2.87,-1.61,-1.27,-0.53,-0.25,-0.28
Terrence Ross,rosste01,ORL,Secondary Ball Handler,"1,448",SG,31,,-4.59,-1.76,-2.83,-2,-2.78,-1.6,-1.18,-4.03,-0.67,-3.35
